,c_uniqueUnitID,Date
0,2011_BRP_CCB_S1016_Dep20_20110217_PU0205_FD02018_CCB20,2011-02-17
0,2011_BRP_CCB_S1016_Dep20_20110217_PU0205_FD02018_CCB20,2011-02-18
0,2011_BRP_CCB_S1016_Dep20_20110217_PU0205_FD02018_CCB20,2011-02-19
0,2011_BRP_CCB_S1016_Dep20_20110217_PU0205_FD02018_CCB20,2011-02-20
0,2011_BRP_CCB_S1016_Dep20_20110217_PU0205_FD02018_CCB20,2011-02-21
0,2011_BRP_CCB_S1016_Dep20_20110217_PU0205_FD02018_CCB20,2011-02-22
0,2011_BRP_CCB_S1016_Dep20_20110217_PU0205_FD02018_CCB20,2011-02-23
0,2011_BRP_CCB_S1016_Dep20_20110217_PU0205_FD02018_CCB20,2011-02-24
0,2011_BRP_CCB_S1016_Dep20_20110217_PU0205_FD02018_CCB20,2011-02-25
0,2011_BRP_CCB_S1016_Dep20_20110217_PU0205_FD02018_CCB20,2011-02-26
0,2011_BRP_CCB_S1016_Dep20_20110217_PU0205_FD02018_CCB20,2011-02-27
0,2011_BRP_CCB_S1016_Dep20_20110217_PU0205_FD02018_CCB20,2011-02-28
0,2011_BRP_CCB_S1016_Dep20_20110217_PU0205_FD02018_CCB20,2011-03-01
0,2011_BRP_CCB_S1016_Dep20_20110217_PU0205_FD02018_CCB20,2011-03-02
0,2011_BRP_CCB_S1016_Dep20_20110217_PU0205_FD02018_CCB20,2011-03-03
0,2011_BRP_CCB_S1016_Dep20_20110217_PU0205_FD02018_CCB20,2011-03-04
0,2011_BRP_CCB_S1016_Dep20_20110217_PU0205_FD02018_CCB20,2011-03-05
0,2011_BRP_CCB_S1016_Dep20_20110217_PU0205_FD02018_CCB20,2011-03-06
0,2011_BRP_CCB_S1016_Dep20_20110217_PU0205_FD02018_CCB20,2011-03-07
0,2011_BRP_CCB_S1016_Dep20_20110217_PU0205_FD02018_CCB20,2011-03-08
0,2011_BRP_CCB_S1016_Dep20_20110217_PU0205_FD02018_CCB20,2011-03-09
0,2011_BRP_CCB_S1016_Dep20_20110217_PU0205_FD02018_CCB20,2011-03-10
0,2011_BRP_CCB_S1016_Dep20_20110217_PU0205_FD02018_CCB20,2011-03-11
0,2011_BRP_CCB_S1016_Dep20_20110217_PU0205_FD02018_CCB20,2011-03-12
0,2011_BRP_CCB_S1016_Dep20_20110217_PU0205_FD02018_CCB20,2011-03-13
0,2011_BRP_CCB_S1016_Dep20_20110217_PU0205_FD02018_CCB20,2011-03-14
0,2011_BRP_CCB_S1016_Dep20_20110217_PU0205_FD02018_CCB20,2011-03-15
0,2011_BRP_CCB_S1016_Dep20_20110217_PU0205_FD02018_CCB20,2011-03-16
0,2011_BRP_CCB_S1016_Dep20_20110217_PU0205_FD02018_CCB20,2011-03-17
0,2011_BRP_CCB_S1016_Dep20_20110217_PU0205_FD02018_CCB20,2011-03-18
0,2011_BRP_CCB_S1016_Dep20_20110217_PU0205_FD02018_CCB20,2011-03-19
0,2011_BRP_CCB_S1016_Dep20_20110217_PU0205_FD02018_CCB20,2011-03-20
0,2011_BRP_CCB_S1016_Dep20_20110217_PU0205_FD02018_CCB20,2011-03-21
0,2011_BRP_CCB_S1016_Dep20_20110217_PU0205_FD02018_CCB20,2011-03-22
0,2011_BRP_CCB_S1016_Dep20_20110217_PU0205_FD02018_CCB20,2011-03-23
0,2011_BRP_CCB_S1016_Dep20_20110217_PU0205_FD02018_CCB20,2011-03-24
0,2011_BRP_CCB_S1016_Dep20_20110217_PU0205_FD02018_CCB20,2011-03-25
0,2011_BRP_CCB_S1016_Dep20_20110217_PU0205_FD02018_CCB20,2011-03-26
0,2011_BRP_CCB_S1016_Dep20_20110217_PU0205_FD02018_CCB20,2011-03-27
0,2011_BRP_CCB_S1016_Dep20_20110217_PU0205_FD02018_CCB20,2011-03-28
0,2011_BRP_CCB_S1016_Dep20_20110217_PU0205_FD02018_CCB20,2011-03-29
0,2011_BRP_CCB_S1016_Dep20_20110217_PU0205_FD02018_CCB20,2011-03-30
0,2011_BRP_CCB_S1016_Dep20_20110217_PU0205_FD02018_CCB20,2011-03-31
0,2011_BRP_CCB_S1016_Dep20_20110217_PU0205_FD02018_CCB20,2011-04-01
0,2011_BRP_CCB_S1016_Dep20_20110217_PU0205_FD02018_CCB20,2011-04-02
0,2011_BRP_CCB_S1016_Dep20_20110217_PU0205_FD02018_CCB20,2011-04-03
0,2011_BRP_CCB_S1016_Dep20_20110217_PU0205_FD02018_CCB20,2011-04-04
0,2011_BRP_CCB_S1016_Dep20_20110217_PU0205_FD02018_CCB20,2011-04-05
0,2011_BRP_CCB_S1016_Dep20_20110217_PU0205_FD02018_CCB20,2011-04-06
0,2011_BRP_CCB_S1016_Dep20_20110217_PU0205_FD02018_CCB20,2011-04-07
0,2011_BRP_CCB_S1016_Dep20_20110217_PU0205_FD02018_CCB20,2011-04-08
0,2011_BRP_CCB_S1016_Dep20_20110217_PU0205_FD02018_CCB20,2011-04-09
0,2011_BRP_CCB_S1016_Dep20_20110217_PU0205_FD02018_CCB20,2011-04-10
0,2011_BRP_CCB_S1016_Dep20_20110217_PU0205_FD02018_CCB20,2011-04-11
0,2011_BRP_CCB_S1016_Dep20_20110217_PU0205_FD02018_CCB20,2011-04-12
0,2011_BRP_CCB_S1016_Dep20_20110217_PU0205_FD02018_CCB20,2011-04-13
0,2011_BRP_CCB_S1016_Dep20_20110217_PU0205_FD02018_CCB20,2011-04-14
0,2011_BRP_CCB_S1016_Dep20_20110217_PU0205_FD02018_CCB20,2011-04-15
0,2011_BRP_CCB_S1016_Dep20_20110217_PU0205_FD02018_CCB20,2011-04-16
0,2011_BRP_CCB_S1016_Dep20_20110217_PU0205_FD02018_CCB20,2011-04-17
0,2011_BRP_CCB_S1016_Dep20_20110217_PU0205_FD02018_CCB20,2011-04-18
0,2011_BRP_CCB_S1016_Dep20_20110217_PU0205_FD02018_CCB20,2011-04-19
0,2011_BRP_CCB_S1016_Dep20_20110217_PU0205_FD02018_CCB20,2011-04-20
0,2011_BRP_CCB_S1016_Dep20_20110217_PU0205_FD02018_CCB20,2011-04-21
0,2011_BRP_CCB_S1016_Dep20_20110217_PU0205_FD02018_CCB20,2011-04-22
0,2011_BRP_CCB_S1016_Dep20_20110217_PU0205_FD02018_CCB20,2011-04-23
0,2011_BRP_CCB_S1016_Dep20_20110217_PU0205_FD02018_CCB20,2011-04-24
0,2011_BRP_CCB_S1016_Dep20_20110217_PU0205_FD02018_CCB20,2011-04-25
0,2011_BRP_CCB_S1016_Dep20_20110217_PU0205_FD02018_CCB20,2011-04-26
0,2011_BRP_CCB_S1016_Dep20_20110217_PU0205_FD02018_CCB20,2011-04-27
0,2011_BRP_CCB_S1016_Dep20_20110217_PU0205_FD02018_CCB20,2011-04-28
0,2011_BRP_CCB_S1016_Dep20_20110217_PU0205_FD02018_CCB20,2011-04-29
0,2011_BRP_CCB_S1016_Dep20_20110217_PU0205_FD02018_CCB20,2011-04-30
0,2011_BRP_CCB_S1016_Dep20_20110217_PU0205_FD02018_CCB20,2011-05-01
0,2011_BRP_CCB_S1016_Dep20_20110217_PU0205_FD02018_CCB20,2011-05-02
0,2011_BRP_CCB_S1016_Dep20_20110217_PU0205_FD02018_CCB20,2011-05-03
0,2011_BRP_CCB_S1016_Dep20_20110217_PU0205_FD02018_CCB20,2011-05-04
0,2011_BRP_CCB_S1016_Dep20_20110217_PU0205_FD02018_CCB20,2011-05-05
0,2011_BRP_CCB_S1016_Dep20_20110217_PU0205_FD02018_CCB20,2011-05-06
0,2011_BRP_CCB_S1016_Dep20_20110217_PU0205_FD02018_CCB20,2011-05-07
0,2011_BRP_CCB_S1016_Dep20_20110217_PU0205_FD02018_CCB20,2011-05-08
8,2013_BRP_CCB_S1011_Dep22_20130126_PU0016_FD02130,2013-01-28
8,2013_BRP_CCB_S1011_Dep22_20130126_PU0016_FD02130,2013-01-29
8,2013_BRP_CCB_S1011_Dep22_20130126_PU0016_FD02130,2013-01-30
8,2013_BRP_CCB_S1011_Dep22_20130126_PU0016_FD02130,2013-01-31
8,2013_BRP_CCB_S1011_Dep22_20130126_PU0016_FD02130,2013-02-01
8,2013_BRP_CCB_S1011_Dep22_20130126_PU0016_FD02130,2013-02-02
8,2013_BRP_CCB_S1011_Dep22_20130126_PU0016_FD02130,2013-02-03
8,2013_BRP_CCB_S1011_Dep22_20130126_PU0016_FD02130,2013-02-04
8,2013_BRP_CCB_S1011_Dep22_20130126_PU0016_FD02130,2013-02-05
8,2013_BRP_CCB_S1011_Dep22_20130126_PU0016_FD02130,2013-02-06
8,2013_BRP_CCB_S1011_Dep22_20130126_PU0016_FD02130,2013-02-07
8,2013_BRP_CCB_S1011_Dep22_20130126_PU0016_FD02130,2013-02-08
8,2013_BRP_CCB_S1011_Dep22_20130126_PU0016_FD02130,2013-02-09
8,2013_BRP_CCB_S1011_Dep22_20130126_PU0016_FD02130,2013-02-10
8,2013_BRP_CCB_S1011_Dep22_20130126_PU0016_FD02130,2013-02-11
8,2013_BRP_CCB_S1011_Dep22_20130126_PU0016_FD02130,2013-02-12
8,2013_BRP_CCB_S1011_Dep22_20130126_PU0016_FD02130,2013-02-13
8,2013_BRP_CCB_S1011_Dep22_20130126_PU0016_FD02130,2013-02-14
8,2013_BRP_CCB_S1011_Dep22_20130126_PU0016_FD02130,2013-02-15
8,2013_BRP_CCB_S1011_Dep22_20130126_PU0016_FD02130,2013-02-16
8,2013_BRP_CCB_S1011_Dep22_20130126_PU0016_FD02130,2013-02-17
8,2013_BRP_CCB_S1011_Dep22_20130126_PU0016_FD02130,2013-02-18
8,2013_BRP_CCB_S1011_Dep22_20130126_PU0016_FD02130,2013-02-19
8,2013_BRP_CCB_S1011_Dep22_20130126_PU0016_FD02130,2013-02-20
8,2013_BRP_CCB_S1011_Dep22_20130126_PU0016_FD02130,2013-02-21
8,2013_BRP_CCB_S1011_Dep22_20130126_PU0016_FD02130,2013-02-22
8,2013_BRP_CCB_S1011_Dep22_20130126_PU0016_FD02130,2013-02-23
8,2013_BRP_CCB_S1011_Dep22_20130126_PU0016_FD02130,2013-02-24
8,2013_BRP_CCB_S1011_Dep22_20130126_PU0016_FD02130,2013-02-25
8,2013_BRP_CCB_S1011_Dep22_20130126_PU0016_FD02130,2013-02-26
8,2013_BRP_CCB_S1011_Dep22_20130126_PU0016_FD02130,2013-02-27
8,2013_BRP_CCB_S1011_Dep22_20130126_PU0016_FD02130,2013-02-28
8,2013_BRP_CCB_S1011_Dep22_20130126_PU0016_FD02130,2013-03-01
8,2013_BRP_CCB_S1011_Dep22_20130126_PU0016_FD02130,2013-03-02
8,2013_BRP_CCB_S1011_Dep22_20130126_PU0016_FD02130,2013-03-03
8,2013_BRP_CCB_S1011_Dep22_20130126_PU0016_FD02130,2013-03-04
8,2013_BRP_CCB_S1011_Dep22_20130126_PU0016_FD02130,2013-03-05
8,2013_BRP_CCB_S1011_Dep22_20130126_PU0016_FD02130,2013-03-06
8,2013_BRP_CCB_S1011_Dep22_20130126_PU0016_FD02130,2013-03-07
8,2013_BRP_CCB_S1011_Dep22_20130126_PU0016_FD02130,2013-03-08
8,2013_BRP_CCB_S1011_Dep22_20130126_PU0016_FD02130,2013-03-09
8,2013_BRP_CCB_S1011_Dep22_20130126_PU0016_FD02130,2013-03-10
8,2013_BRP_CCB_S1011_Dep22_20130126_PU0016_FD02130,2013-03-11
8,2013_BRP_CCB_S1011_Dep22_20130126_PU0016_FD02130,2013-03-12
8,2013_BRP_CCB_S1011_Dep22_20130126_PU0016_FD02130,2013-03-13
8,2013_BRP_CCB_S1011_Dep22_20130126_PU0016_FD02130,2013-03-14
8,2013_BRP_CCB_S1011_Dep22_20130126_PU0016_FD02130,2013-03-15
8,2013_BRP_CCB_S1011_Dep22_20130126_PU0016_FD02130,2013-03-16
8,2013_BRP_CCB_S1011_Dep22_20130126_PU0016_FD02130,2013-03-17
8,2013_BRP_CCB_S1011_Dep22_20130126_PU0016_FD02130,2013-03-18
8,2013_BRP_CCB_S1011_Dep22_20130126_PU0016_FD02130,2013-03-19
8,2013_BRP_CCB_S1011_Dep22_20130126_PU0016_FD02130,2013-03-20
8,2013_BRP_CCB_S1011_Dep22_20130126_PU0016_FD02130,2013-03-21
8,2013_BRP_CCB_S1011_Dep22_20130126_PU0016_FD02130,2013-03-22
8,2013_BRP_CCB_S1011_Dep22_20130126_PU0016_FD02130,2013-03-23
8,2013_BRP_CCB_S1011_Dep22_20130126_PU0016_FD02130,2013-03-24
8,2013_BRP_CCB_S1011_Dep22_20130126_PU0016_FD02130,2013-03-25
8,2013_BRP_CCB_S1011_Dep22_20130126_PU0016_FD02130,2013-03-26
8,2013_BRP_CCB_S1011_Dep22_20130126_PU0016_FD02130,2013-03-27
8,2013_BRP_CCB_S1011_Dep22_20130126_PU0016_FD02130,2013-03-28
8,2013_BRP_CCB_S1011_Dep22_20130126_PU0016_FD02130,2013-03-29
8,2013_BRP_CCB_S1011_Dep22_20130126_PU0016_FD02130,2013-03-30
8,2013_BRP_CCB_S1011_Dep22_20130126_PU0016_FD02130,2013-03-31
8,2013_BRP_CCB_S1011_Dep22_20130126_PU0016_FD02130,2013-04-01
8,2013_BRP_CCB_S1011_Dep22_20130126_PU0016_FD02130,2013-04-02
8,2013_BRP_CCB_S1011_Dep22_20130126_PU0016_FD02130,2013-04-03
8,2013_BRP_CCB_S1011_Dep22_20130126_PU0016_FD02130,2013-04-04
8,2013_BRP_CCB_S1011_Dep22_20130126_PU0016_FD02130,2013-04-05
8,2013_BRP_CCB_S1011_Dep22_20130126_PU0016_FD02130,2013-04-06
8,2013_BRP_CCB_S1011_Dep22_20130126_PU0016_FD02130,2013-04-07
8,2013_BRP_CCB_S1011_Dep22_20130126_PU0016_FD02130,2013-04-08
8,2013_BRP_CCB_S1011_Dep22_20130126_PU0016_FD02130,2013-04-09
8,2013_BRP_CCB_S1011_Dep22_20130126_PU0016_FD02130,2013-04-10
8,2013_BRP_CCB_S1011_Dep22_20130126_PU0016_FD02130,2013-04-11
8,2013_BRP_CCB_S1011_Dep22_20130126_PU0016_FD02130,2013-04-12
8,2013_BRP_CCB_S1011_Dep22_20130126_PU0016_FD02130,2013-04-13
8,2013_BRP_CCB_S1011_Dep22_20130126_PU0016_FD02130,2013-04-14
8,2013_BRP_CCB_S1011_Dep22_20130126_PU0016_FD02130,2013-04-15
8,2013_BRP_CCB_S1011_Dep22_20130126_PU0016_FD02130,2013-04-16
8,2013_BRP_CCB_S1011_Dep22_20130126_PU0016_FD02130,2013-04-17
8,2013_BRP_CCB_S1011_Dep22_20130126_PU0016_FD02130,2013-04-18
8,2013_BRP_CCB_S1011_Dep22_20130126_PU0016_FD02130,2013-04-19
8,2013_BRP_CCB_S1011_Dep22_20130126_PU0016_FD02130,2013-04-20
8,2013_BRP_CCB_S1011_Dep22_20130126_PU0016_FD02130,2013-04-21
8,2013_BRP_CCB_S1011_Dep22_20130126_PU0016_FD02130,2013-04-22
8,2013_BRP_CCB_S1011_Dep22_20130126_PU0016_FD02130,2013-04-23
8,2013_BRP_CCB_S1011_Dep22_20130126_PU0016_FD02130,2013-04-24
8,2013_BRP_CCB_S1011_Dep22_20130126_PU0016_FD02130,2013-04-25
8,2013_BRP_CCB_S1011_Dep22_20130126_PU0016_FD02130,2013-04-26
8,2013_BRP_CCB_S1011_Dep22_20130126_PU0016_FD02130,2013-04-27
8,2013_BRP_CCB_S1011_Dep22_20130126_PU0016_FD02130,2013-04-28
8,2013_BRP_CCB_S1011_Dep22_20130126_PU0016_FD02130,2013-04-29
8,2013_BRP_CCB_S1011_Dep22_20130126_PU0016_FD02130,2013-04-30
8,2013_BRP_CCB_S1011_Dep22_20130126_PU0016_FD02130,2013-05-01
8,2013_BRP_CCB_S1011_Dep22_20130126_PU0016_FD02130,2013-05-02
8,2013_BRP_CCB_S1011_Dep22_20130126_PU0016_FD02130,2013-05-03
8,2013_BRP_CCB_S1011_Dep22_20130126_PU0016_FD02130,2013-05-04
8,2013_BRP_CCB_S1011_Dep22_20130126_PU0016_FD02130,2013-05-05
8,2013_BRP_CCB_S1011_Dep22_20130126_PU0016_FD02130,2013-05-06
21,2014_BRP_CCB_S1038_Dep23_20140131_AM0269_AM00000,2014-02-07
21,2014_BRP_CCB_S1038_Dep23_20140131_AM0269_AM00000,2014-02-08
21,2014_BRP_CCB_S1038_Dep23_20140131_AM0269_AM00000,2014-02-09
21,2014_BRP_CCB_S1038_Dep23_20140131_AM0269_AM00000,2014-02-10
21,2014_BRP_CCB_S1038_Dep23_20140131_AM0269_AM00000,2014-02-11
21,2014_BRP_CCB_S1038_Dep23_20140131_AM0269_AM00000,2014-02-12
21,2014_BRP_CCB_S1038_Dep23_20140131_AM0269_AM00000,2014-02-13
21,2014_BRP_CCB_S1038_Dep23_20140131_AM0269_AM00000,2014-02-14
21,2014_BRP_CCB_S1038_Dep23_20140131_AM0269_AM00000,2014-02-15
21,2014_BRP_CCB_S1038_Dep23_20140131_AM0269_AM00000,2014-02-16
21,2014_BRP_CCB_S1038_Dep23_20140131_AM0269_AM00000,2014-02-17
21,2014_BRP_CCB_S1038_Dep23_20140131_AM0269_AM00000,2014-02-18
21,2014_BRP_CCB_S1038_Dep23_20140131_AM0269_AM00000,2014-02-19
21,2014_BRP_CCB_S1038_Dep23_20140131_AM0269_AM00000,2014-02-20
21,2014_BRP_CCB_S1038_Dep23_20140131_AM0269_AM00000,2014-02-21
21,2014_BRP_CCB_S1038_Dep23_20140131_AM0269_AM00000,2014-02-22
21,2014_BRP_CCB_S1038_Dep23_20140131_AM0269_AM00000,2014-02-23
21,2014_BRP_CCB_S1038_Dep23_20140131_AM0269_AM00000,2014-02-24
21,2014_BRP_CCB_S1038_Dep23_20140131_AM0269_AM00000,2014-02-25
21,2014_BRP_CCB_S1038_Dep23_20140131_AM0269_AM00000,2014-02-26
21,2014_BRP_CCB_S1038_Dep23_20140131_AM0269_AM00000,2014-02-27
21,2014_BRP_CCB_S1038_Dep23_20140131_AM0269_AM00000,2014-02-28
21,2014_BRP_CCB_S1038_Dep23_20140131_AM0269_AM00000,2014-03-01
21,2014_BRP_CCB_S1038_Dep23_20140131_AM0269_AM00000,2014-03-02
21,2014_BRP_CCB_S1038_Dep23_20140131_AM0269_AM00000,2014-03-03
21,2014_BRP_CCB_S1038_Dep23_20140131_AM0269_AM00000,2014-03-04
21,2014_BRP_CCB_S1038_Dep23_20140131_AM0269_AM00000,2014-03-05
21,2014_BRP_CCB_S1038_Dep23_20140131_AM0269_AM00000,2014-03-06
21,2014_BRP_CCB_S1038_Dep23_20140131_AM0269_AM00000,2014-03-07
21,2014_BRP_CCB_S1038_Dep23_20140131_AM0269_AM00000,2014-03-08
21,2014_BRP_CCB_S1038_Dep23_20140131_AM0269_AM00000,2014-03-09
21,2014_BRP_CCB_S1038_Dep23_20140131_AM0269_AM00000,2014-03-10
21,2014_BRP_CCB_S1038_Dep23_20140131_AM0269_AM00000,2014-03-11
21,2014_BRP_CCB_S1038_Dep23_20140131_AM0269_AM00000,2014-03-12
21,2014_BRP_CCB_S1038_Dep23_20140131_AM0269_AM00000,2014-03-13
21,2014_BRP_CCB_S1038_Dep23_20140131_AM0269_AM00000,2014-03-14
21,2014_BRP_CCB_S1038_Dep23_20140131_AM0269_AM00000,2014-03-15
21,2014_BRP_CCB_S1038_Dep23_20140131_AM0269_AM00000,2014-03-16
21,2014_BRP_CCB_S1038_Dep23_20140131_AM0269_AM00000,2014-03-17
21,2014_BRP_CCB_S1038_Dep23_20140131_AM0269_AM00000,2014-03-18
21,2014_BRP_CCB_S1038_Dep23_20140131_AM0269_AM00000,2014-03-19
21,2014_BRP_CCB_S1038_Dep23_20140131_AM0269_AM00000,2014-03-20
21,2014_BRP_CCB_S1038_Dep23_20140131_AM0269_AM00000,2014-03-21
21,2014_BRP_CCB_S1038_Dep23_20140131_AM0269_AM00000,2014-03-22
21,2014_BRP_CCB_S1038_Dep23_20140131_AM0269_AM00000,2014-03-23
21,2014_BRP_CCB_S1038_Dep23_20140131_AM0269_AM00000,2014-03-24
21,2014_BRP_CCB_S1038_Dep23_20140131_AM0269_AM00000,2014-03-25
21,2014_BRP_CCB_S1038_Dep23_20140131_AM0269_AM00000,2014-03-26
21,2014_BRP_CCB_S1038_Dep23_20140131_AM0269_AM00000,2014-03-27
21,2014_BRP_CCB_S1038_Dep23_20140131_AM0269_AM00000,2014-03-28
21,2014_BRP_CCB_S1038_Dep23_20140131_AM0269_AM00000,2014-03-29
21,2014_BRP_CCB_S1038_Dep23_20140131_AM0269_AM00000,2014-03-30
21,2014_BRP_CCB_S1038_Dep23_20140131_AM0269_AM00000,2014-03-31
21,2014_BRP_CCB_S1038_Dep23_20140131_AM0269_AM00000,2014-04-01
21,2014_BRP_CCB_S1038_Dep23_20140131_AM0269_AM00000,2014-04-02
21,2014_BRP_CCB_S1038_Dep23_20140131_AM0269_AM00000,2014-04-03
21,2014_BRP_CCB_S1038_Dep23_20140131_AM0269_AM00000,2014-04-04
21,2014_BRP_CCB_S1038_Dep23_20140131_AM0269_AM00000,2014-04-05
21,2014_BRP_CCB_S1038_Dep23_20140131_AM0269_AM00000,2014-04-06
21,2014_BRP_CCB_S1038_Dep23_20140131_AM0269_AM00000,2014-04-07
21,2014_BRP_CCB_S1038_Dep23_20140131_AM0269_AM00000,2014-04-08
21,2014_BRP_CCB_S1038_Dep23_20140131_AM0269_AM00000,2014-04-09
21,2014_BRP_CCB_S1038_Dep23_20140131_AM0269_AM00000,2014-04-10
21,2014_BRP_CCB_S1038_Dep23_20140131_AM0269_AM00000,2014-04-11
21,2014_BRP_CCB_S1038_Dep23_20140131_AM0269_AM00000,2014-04-12
21,2014_BRP_CCB_S1038_Dep23_20140131_AM0269_AM00000,2014-04-13
21,2014_BRP_CCB_S1038_Dep23_20140131_AM0269_AM00000,2014-04-14
21,2014_BRP_CCB_S1038_Dep23_20140131_AM0269_AM00000,2014-04-15
21,2014_BRP_CCB_S1038_Dep23_20140131_AM0269_AM00000,2014-04-16
21,2014_BRP_CCB_S1038_Dep23_20140131_AM0269_AM00000,2014-04-17
21,2014_BRP_CCB_S1038_Dep23_20140131_AM0269_AM00000,2014-04-18
21,2014_BRP_CCB_S1038_Dep23_20140131_AM0269_AM00000,2014-04-19
21,2014_BRP_CCB_S1038_Dep23_20140131_AM0269_AM00000,2014-04-20
21,2014_BRP_CCB_S1038_Dep23_20140131_AM0269_AM00000,2014-04-21
21,2014_BRP_CCB_S1038_Dep23_20140131_AM0269_AM00000,2014-04-22
21,2014_BRP_CCB_S1038_Dep23_20140131_AM0269_AM00000,2014-04-23
21,2014_BRP_CCB_S1038_Dep23_20140131_AM0269_AM00000,2014-04-24
21,2014_BRP_CCB_S1038_Dep23_20140131_AM0269_AM00000,2014-04-25
21,2014_BRP_CCB_S1038_Dep23_20140131_AM0269_AM00000,2014-04-26
21,2014_BRP_CCB_S1038_Dep23_20140131_AM0269_AM00000,2014-04-27
21,2014_BRP_CCB_S1038_Dep23_20140131_AM0269_AM00000,2014-04-28
21,2014_BRP_CCB_S1038_Dep23_20140131_AM0269_AM00000,2014-04-29
21,2014_BRP_CCB_S1038_Dep23_20140131_AM0269_AM00000,2014-04-30
21,2014_BRP_CCB_S1038_Dep23_20140131_AM0269_AM00000,2014-05-01
21,2014_BRP_CCB_S1038_Dep23_20140131_AM0269_AM00000,2014-05-02
21,2014_BRP_CCB_S1038_Dep23_20140131_AM0269_AM00000,2014-05-03
21,2014_BRP_CCB_S1038_Dep23_20140131_AM0269_AM00000,2014-05-04
21,2014_BRP_CCB_S1038_Dep23_20140131_AM0269_AM00000,2014-05-05
21,2014_BRP_CCB_S1038_Dep23_20140131_AM0269_AM00000,2014-05-06
21,2014_BRP_CCB_S1038_Dep23_20140131_AM0269_AM00000,2014-05-07
21,2014_BRP_CCB_S1038_Dep23_20140131_AM0269_AM00000,2014-05-08
21,2014_BRP_CCB_S1038_Dep23_20140131_AM0269_AM00000,2014-05-09
21,2014_BRP_CCB_S1038_Dep23_20140131_AM0269_AM00000,2014-05-10
21,2014_BRP_CCB_S1038_Dep23_20140131_AM0269_AM00000,2014-05-11
21,2014_BRP_CCB_S1038_Dep23_20140131_AM0269_AM00000,2014-05-12
21,2014_BRP_CCB_S1038_Dep23_20140131_AM0269_AM00000,2014-05-13
21,2014_BRP_CCB_S1038_Dep23_20140131_AM0269_AM00000,2014-05-14
21,2014_BRP_CCB_S1038_Dep23_20140131_AM0269_AM00000,2014-05-15
21,2014_BRP_CCB_S1038_Dep23_20140131_AM0269_AM00000,2014-05-16
21,2014_BRP_CCB_S1038_Dep23_20140131_AM0269_AM00000,2014-05-17
22,2015_BRP_CCB_S1059_Dep24_20150217_PU0148_FD02640,2015-02-17
22,2015_BRP_CCB_S1059_Dep24_20150217_PU0148_FD02640,2015-02-18
22,2015_BRP_CCB_S1059_Dep24_20150217_PU0148_FD02640,2015-02-19
22,2015_BRP_CCB_S1059_Dep24_20150217_PU0148_FD02640,2015-02-20
22,2015_BRP_CCB_S1059_Dep24_20150217_PU0148_FD02640,2015-02-21
22,2015_BRP_CCB_S1059_Dep24_20150217_PU0148_FD02640,2015-02-22
22,2015_BRP_CCB_S1059_Dep24_20150217_PU0148_FD02640,2015-02-23
22,2015_BRP_CCB_S1059_Dep24_20150217_PU0148_FD02640,2015-02-24
22,2015_BRP_CCB_S1059_Dep24_20150217_PU0148_FD02640,2015-02-25
22,2015_BRP_CCB_S1059_Dep24_20150217_PU0148_FD02640,2015-02-26
22,2015_BRP_CCB_S1059_Dep24_20150217_PU0148_FD02640,2015-02-27
22,2015_BRP_CCB_S1059_Dep24_20150217_PU0148_FD02640,2015-02-28
22,2015_BRP_CCB_S1059_Dep24_20150217_PU0148_FD02640,2015-03-01
22,2015_BRP_CCB_S1059_Dep24_20150217_PU0148_FD02640,2015-03-02
22,2015_BRP_CCB_S1059_Dep24_20150217_PU0148_FD02640,2015-03-03
22,2015_BRP_CCB_S1059_Dep24_20150217_PU0148_FD02640,2015-03-04
22,2015_BRP_CCB_S1059_Dep24_20150217_PU0148_FD02640,2015-03-05
22,2015_BRP_CCB_S1059_Dep24_20150217_PU0148_FD02640,2015-03-06
22,2015_BRP_CCB_S1059_Dep24_20150217_PU0148_FD02640,2015-03-07
22,2015_BRP_CCB_S1059_Dep24_20150217_PU0148_FD02640,2015-03-08
22,2015_BRP_CCB_S1059_Dep24_20150217_PU0148_FD02640,2015-03-09
22,2015_BRP_CCB_S1059_Dep24_20150217_PU0148_FD02640,2015-03-10
22,2015_BRP_CCB_S1059_Dep24_20150217_PU0148_FD02640,2015-03-11
22,2015_BRP_CCB_S1059_Dep24_20150217_PU0148_FD02640,2015-03-12
22,2015_BRP_CCB_S1059_Dep24_20150217_PU0148_FD02640,2015-03-13
22,2015_BRP_CCB_S1059_Dep24_20150217_PU0148_FD02640,2015-03-14
22,2015_BRP_CCB_S1059_Dep24_20150217_PU0148_FD02640,2015-03-15
22,2015_BRP_CCB_S1059_Dep24_20150217_PU0148_FD02640,2015-03-16
22,2015_BRP_CCB_S1059_Dep24_20150217_PU0148_FD02640,2015-03-17
22,2015_BRP_CCB_S1059_Dep24_20150217_PU0148_FD02640,2015-03-18
22,2015_BRP_CCB_S1059_Dep24_20150217_PU0148_FD02640,2015-03-19
22,2015_BRP_CCB_S1059_Dep24_20150217_PU0148_FD02640,2015-03-20
22,2015_BRP_CCB_S1059_Dep24_20150217_PU0148_FD02640,2015-03-21
22,2015_BRP_CCB_S1059_Dep24_20150217_PU0148_FD02640,2015-03-22
22,2015_BRP_CCB_S1059_Dep24_20150217_PU0148_FD02640,2015-03-23
22,2015_BRP_CCB_S1059_Dep24_20150217_PU0148_FD02640,2015-03-24
22,2015_BRP_CCB_S1059_Dep24_20150217_PU0148_FD02640,2015-03-25
22,2015_BRP_CCB_S1059_Dep24_20150217_PU0148_FD02640,2015-03-26
22,2015_BRP_CCB_S1059_Dep24_20150217_PU0148_FD02640,2015-03-27
22,2015_BRP_CCB_S1059_Dep24_20150217_PU0148_FD02640,2015-03-28
22,2015_BRP_CCB_S1059_Dep24_20150217_PU0148_FD02640,2015-03-29
22,2015_BRP_CCB_S1059_Dep24_20150217_PU0148_FD02640,2015-03-30
22,2015_BRP_CCB_S1059_Dep24_20150217_PU0148_FD02640,2015-03-31
22,2015_BRP_CCB_S1059_Dep24_20150217_PU0148_FD02640,2015-04-01
22,2015_BRP_CCB_S1059_Dep24_20150217_PU0148_FD02640,2015-04-02
22,2015_BRP_CCB_S1059_Dep24_20150217_PU0148_FD02640,2015-04-03
22,2015_BRP_CCB_S1059_Dep24_20150217_PU0148_FD02640,2015-04-04
22,2015_BRP_CCB_S1059_Dep24_20150217_PU0148_FD02640,2015-04-05
22,2015_BRP_CCB_S1059_Dep24_20150217_PU0148_FD02640,2015-04-06
22,2015_BRP_CCB_S1059_Dep24_20150217_PU0148_FD02640,2015-04-07
22,2015_BRP_CCB_S1059_Dep24_20150217_PU0148_FD02640,2015-04-08
22,2015_BRP_CCB_S1059_Dep24_20150217_PU0148_FD02640,2015-04-09
22,2015_BRP_CCB_S1059_Dep24_20150217_PU0148_FD02640,2015-04-10
22,2015_BRP_CCB_S1059_Dep24_20150217_PU0148_FD02640,2015-04-11
22,2015_BRP_CCB_S1059_Dep24_20150217_PU0148_FD02640,2015-04-12
22,2015_BRP_CCB_S1059_Dep24_20150217_PU0148_FD02640,2015-04-13
22,2015_BRP_CCB_S1059_Dep24_20150217_PU0148_FD02640,2015-04-14
22,2015_BRP_CCB_S1059_Dep24_20150217_PU0148_FD02640,2015-04-15
22,2015_BRP_CCB_S1059_Dep24_20150217_PU0148_FD02640,2015-04-16
22,2015_BRP_CCB_S1059_Dep24_20150217_PU0148_FD02640,2015-04-17
22,2015_BRP_CCB_S1059_Dep24_20150217_PU0148_FD02640,2015-04-18
22,2015_BRP_CCB_S1059_Dep24_20150217_PU0148_FD02640,2015-04-19
22,2015_BRP_CCB_S1059_Dep24_20150217_PU0148_FD02640,2015-04-20
22,2015_BRP_CCB_S1059_Dep24_20150217_PU0148_FD02640,2015-04-21
22,2015_BRP_CCB_S1059_Dep24_20150217_PU0148_FD02640,2015-04-22
22,2015_BRP_CCB_S1059_Dep24_20150217_PU0148_FD02640,2015-04-23
22,2015_BRP_CCB_S1059_Dep24_20150217_PU0148_FD02640,2015-04-24
22,2015_BRP_CCB_S1059_Dep24_20150217_PU0148_FD02640,2015-04-25
22,2015_BRP_CCB_S1059_Dep24_20150217_PU0148_FD02640,2015-04-26
22,2015_BRP_CCB_S1059_Dep24_20150217_PU0148_FD02640,2015-04-27
22,2015_BRP_CCB_S1059_Dep24_20150217_PU0148_FD02640,2015-04-28
22,2015_BRP_CCB_S1059_Dep24_20150217_PU0148_FD02640,2015-04-29
22,2015_BRP_CCB_S1059_Dep24_20150217_PU0148_FD02640,2015-04-30
22,2015_BRP_CCB_S1059_Dep24_20150217_PU0148_FD02640,2015-05-01
22,2015_BRP_CCB_S1059_Dep24_20150217_PU0148_FD02640,2015-05-02
22,2015_BRP_CCB_S1059_Dep24_20150217_PU0148_FD02640,2015-05-03
22,2015_BRP_CCB_S1059_Dep24_20150217_PU0148_FD02640,2015-05-04
22,2015_BRP_CCB_S1059_Dep24_20150217_PU0148_FD02640,2015-05-05
22,2015_BRP_CCB_S1059_Dep24_20150217_PU0148_FD02640,2015-05-06
22,2015_BRP_CCB_S1059_Dep24_20150217_PU0148_FD02640,2015-05-07
22,2015_BRP_CCB_S1059_Dep24_20150217_PU0148_FD02640,2015-05-08
22,2015_BRP_CCB_S1059_Dep24_20150217_PU0148_FD02640,2015-05-09
22,2015_BRP_CCB_S1059_Dep24_20150217_PU0148_FD02640,2015-05-10
22,2015_BRP_CCB_S1059_Dep24_20150217_PU0148_FD02640,2015-05-11
22,2015_BRP_CCB_S1059_Dep24_20150217_PU0148_FD02640,2015-05-12
22,2015_BRP_CCB_S1059_Dep24_20150217_PU0148_FD02640,2015-05-13
22,2015_BRP_CCB_S1059_Dep24_20150217_PU0148_FD02640,2015-05-14
22,2015_BRP_CCB_S1059_Dep24_20150217_PU0148_FD02640,2015-05-15
22,2015_BRP_CCB_S1059_Dep24_20150217_PU0148_FD02640,2015-05-16
22,2015_BRP_CCB_S1059_Dep24_20150217_PU0148_FD02640,2015-05-17
22,2015_BRP_CCB_S1059_Dep24_20150217_PU0148_FD02640,2015-05-18
22,2015_BRP_CCB_S1059_Dep24_20150217_PU0148_FD02640,2015-05-19
22,2015_BRP_CCB_S1059_Dep24_20150217_PU0148_FD02640,2015-05-20
22,2015_BRP_CCB_S1059_Dep24_20150217_PU0148_FD02640,2015-05-21
26,2016_BRP_CCB_S1060_Dep25_20160214_PU0163_FD02810,2016-02-15
26,2016_BRP_CCB_S1060_Dep25_20160214_PU0163_FD02810,2016-02-16
26,2016_BRP_CCB_S1060_Dep25_20160214_PU0163_FD02810,2016-02-17
26,2016_BRP_CCB_S1060_Dep25_20160214_PU0163_FD02810,2016-02-18
26,2016_BRP_CCB_S1060_Dep25_20160214_PU0163_FD02810,2016-02-19
26,2016_BRP_CCB_S1060_Dep25_20160214_PU0163_FD02810,2016-02-20
26,2016_BRP_CCB_S1060_Dep25_20160214_PU0163_FD02810,2016-02-21
26,2016_BRP_CCB_S1060_Dep25_20160214_PU0163_FD02810,2016-02-22
26,2016_BRP_CCB_S1060_Dep25_20160214_PU0163_FD02810,2016-02-23
26,2016_BRP_CCB_S1060_Dep25_20160214_PU0163_FD02810,2016-02-24
26,2016_BRP_CCB_S1060_Dep25_20160214_PU0163_FD02810,2016-02-25
26,2016_BRP_CCB_S1060_Dep25_20160214_PU0163_FD02810,2016-02-26
26,2016_BRP_CCB_S1060_Dep25_20160214_PU0163_FD02810,2016-02-27
26,2016_BRP_CCB_S1060_Dep25_20160214_PU0163_FD02810,2016-02-28
26,2016_BRP_CCB_S1060_Dep25_20160214_PU0163_FD02810,2016-02-29
26,2016_BRP_CCB_S1060_Dep25_20160214_PU0163_FD02810,2016-03-01
26,2016_BRP_CCB_S1060_Dep25_20160214_PU0163_FD02810,2016-03-02
26,2016_BRP_CCB_S1060_Dep25_20160214_PU0163_FD02810,2016-03-03
26,2016_BRP_CCB_S1060_Dep25_20160214_PU0163_FD02810,2016-03-04
26,2016_BRP_CCB_S1060_Dep25_20160214_PU0163_FD02810,2016-03-05
26,2016_BRP_CCB_S1060_Dep25_20160214_PU0163_FD02810,2016-03-06
26,2016_BRP_CCB_S1060_Dep25_20160214_PU0163_FD02810,2016-03-07
26,2016_BRP_CCB_S1060_Dep25_20160214_PU0163_FD02810,2016-03-08
26,2016_BRP_CCB_S1060_Dep25_20160214_PU0163_FD02810,2016-03-09
26,2016_BRP_CCB_S1060_Dep25_20160214_PU0163_FD02810,2016-03-10
26,2016_BRP_CCB_S1060_Dep25_20160214_PU0163_FD02810,2016-03-11
26,2016_BRP_CCB_S1060_Dep25_20160214_PU0163_FD02810,2016-03-12
26,2016_BRP_CCB_S1060_Dep25_20160214_PU0163_FD02810,2016-03-13
26,2016_BRP_CCB_S1060_Dep25_20160214_PU0163_FD02810,2016-03-14
26,2016_BRP_CCB_S1060_Dep25_20160214_PU0163_FD02810,2016-03-15
26,2016_BRP_CCB_S1060_Dep25_20160214_PU0163_FD02810,2016-03-16
26,2016_BRP_CCB_S1060_Dep25_20160214_PU0163_FD02810,2016-03-17
26,2016_BRP_CCB_S1060_Dep25_20160214_PU0163_FD02810,2016-03-18
26,2016_BRP_CCB_S1060_Dep25_20160214_PU0163_FD02810,2016-03-19
26,2016_BRP_CCB_S1060_Dep25_20160214_PU0163_FD02810,2016-03-20
26,2016_BRP_CCB_S1060_Dep25_20160214_PU0163_FD02810,2016-03-21
26,2016_BRP_CCB_S1060_Dep25_20160214_PU0163_FD02810,2016-03-22
26,2016_BRP_CCB_S1060_Dep25_20160214_PU0163_FD02810,2016-03-23
26,2016_BRP_CCB_S1060_Dep25_20160214_PU0163_FD02810,2016-03-24
26,2016_BRP_CCB_S1060_Dep25_20160214_PU0163_FD02810,2016-03-25
26,2016_BRP_CCB_S1060_Dep25_20160214_PU0163_FD02810,2016-03-26
26,2016_BRP_CCB_S1060_Dep25_20160214_PU0163_FD02810,2016-03-27
26,2016_BRP_CCB_S1060_Dep25_20160214_PU0163_FD02810,2016-03-28
26,2016_BRP_CCB_S1060_Dep25_20160214_PU0163_FD02810,2016-03-29
26,2016_BRP_CCB_S1060_Dep25_20160214_PU0163_FD02810,2016-03-30
26,2016_BRP_CCB_S1060_Dep25_20160214_PU0163_FD02810,2016-03-31
26,2016_BRP_CCB_S1060_Dep25_20160214_PU0163_FD02810,2016-04-01
26,2016_BRP_CCB_S1060_Dep25_20160214_PU0163_FD02810,2016-04-02
26,2016_BRP_CCB_S1060_Dep25_20160214_PU0163_FD02810,2016-04-03
26,2016_BRP_CCB_S1060_Dep25_20160214_PU0163_FD02810,2016-04-04
26,2016_BRP_CCB_S1060_Dep25_20160214_PU0163_FD02810,2016-04-05
26,2016_BRP_CCB_S1060_Dep25_20160214_PU0163_FD02810,2016-04-06
26,2016_BRP_CCB_S1060_Dep25_20160214_PU0163_FD02810,2016-04-07
26,2016_BRP_CCB_S1060_Dep25_20160214_PU0163_FD02810,2016-04-08
26,2016_BRP_CCB_S1060_Dep25_20160214_PU0163_FD02810,2016-04-09
26,2016_BRP_CCB_S1060_Dep25_20160214_PU0163_FD02810,2016-04-10
26,2016_BRP_CCB_S1060_Dep25_20160214_PU0163_FD02810,2016-04-11
26,2016_BRP_CCB_S1060_Dep25_20160214_PU0163_FD02810,2016-04-12
26,2016_BRP_CCB_S1060_Dep25_20160214_PU0163_FD02810,2016-04-13
26,2016_BRP_CCB_S1060_Dep25_20160214_PU0163_FD02810,2016-04-14
26,2016_BRP_CCB_S1060_Dep25_20160214_PU0163_FD02810,2016-04-15
26,2016_BRP_CCB_S1060_Dep25_20160214_PU0163_FD02810,2016-04-16
26,2016_BRP_CCB_S1060_Dep25_20160214_PU0163_FD02810,2016-04-17
26,2016_BRP_CCB_S1060_Dep25_20160214_PU0163_FD02810,2016-04-18
26,2016_BRP_CCB_S1060_Dep25_20160214_PU0163_FD02810,2016-04-19
26,2016_BRP_CCB_S1060_Dep25_20160214_PU0163_FD02810,2016-04-20
26,2016_BRP_CCB_S1060_Dep25_20160214_PU0163_FD02810,2016-04-21
26,2016_BRP_CCB_S1060_Dep25_20160214_PU0163_FD02810,2016-04-22
26,2016_BRP_CCB_S1060_Dep25_20160214_PU0163_FD02810,2016-04-23
26,2016_BRP_CCB_S1060_Dep25_20160214_PU0163_FD02810,2016-04-24
26,2016_BRP_CCB_S1060_Dep25_20160214_PU0163_FD02810,2016-04-25
26,2016_BRP_CCB_S1060_Dep25_20160214_PU0163_FD02810,2016-04-26
26,2016_BRP_CCB_S1060_Dep25_20160214_PU0163_FD02810,2016-04-27
26,2016_BRP_CCB_S1060_Dep25_20160214_PU0163_FD02810,2016-04-28
26,2016_BRP_CCB_S1060_Dep25_20160214_PU0163_FD02810,2016-04-29
26,2016_BRP_CCB_S1060_Dep25_20160214_PU0163_FD02810,2016-04-30
26,2016_BRP_CCB_S1060_Dep25_20160214_PU0163_FD02810,2016-05-01
26,2016_BRP_CCB_S1060_Dep25_20160214_PU0163_FD02810,2016-05-02
26,2016_BRP_CCB_S1060_Dep25_20160214_PU0163_FD02810,2016-05-03
26,2016_BRP_CCB_S1060_Dep25_20160214_PU0163_FD02810,2016-05-04
26,2016_BRP_CCB_S1060_Dep25_20160214_PU0163_FD02810,2016-05-05
26,2016_BRP_CCB_S1060_Dep25_20160214_PU0163_FD02810,2016-05-06
26,2016_BRP_CCB_S1060_Dep25_20160214_PU0163_FD02810,2016-05-07
26,2016_BRP_CCB_S1060_Dep25_20160214_PU0163_FD02810,2016-05-08
26,2016_BRP_CCB_S1060_Dep25_20160214_PU0163_FD02810,2016-05-09
26,2016_BRP_CCB_S1060_Dep25_20160214_PU0163_FD02810,2016-05-10
26,2016_BRP_CCB_S1060_Dep25_20160214_PU0163_FD02810,2016-05-11
26,2016_BRP_CCB_S1060_Dep25_20160214_PU0163_FD02810,2016-05-12
26,2016_BRP_CCB_S1060_Dep25_20160214_PU0163_FD02810,2016-05-13
26,2016_BRP_CCB_S1060_Dep25_20160214_PU0163_FD02810,2016-05-14
26,2016_BRP_CCB_S1060_Dep25_20160214_PU0163_FD02810,2016-05-15
26,2016_BRP_CCB_S1060_Dep25_20160214_PU0163_FD02810,2016-05-16
26,2016_BRP_CCB_S1060_Dep25_20160214_PU0163_FD02810,2016-05-17
26,2016_BRP_CCB_S1060_Dep25_20160214_PU0163_FD02810,2016-05-18
26,2016_BRP_CCB_S1060_Dep25_20160214_PU0163_FD02810,2016-05-19
26,2016_BRP_CCB_S1060_Dep25_20160214_PU0163_FD02810,2016-05-20
26,2016_BRP_CCB_S1060_Dep25_20160214_PU0163_FD02810,2016-05-21
26,2016_BRP_CCB_S1060_Dep25_20160214_PU0163_FD02810,2016-05-22
26,2016_BRP_CCB_S1060_Dep25_20160214_PU0163_FD02810,2016-05-23
26,2016_BRP_CCB_S1060_Dep25_20160214_PU0163_FD02810,2016-05-24
26,2016_BRP_CCB_S1060_Dep25_20160214_PU0163_FD02810,2016-05-25
30,2017_BRP_CCB_S1073_Dep26_20170219_PU0100_FD02990_CCB,2017-02-21
30,2017_BRP_CCB_S1073_Dep26_20170219_PU0100_FD02990_CCB,2017-02-22
30,2017_BRP_CCB_S1073_Dep26_20170219_PU0100_FD02990_CCB,2017-02-23
30,2017_BRP_CCB_S1073_Dep26_20170219_PU0100_FD02990_CCB,2017-02-24
30,2017_BRP_CCB_S1073_Dep26_20170219_PU0100_FD02990_CCB,2017-02-25
30,2017_BRP_CCB_S1073_Dep26_20170219_PU0100_FD02990_CCB,2017-02-26
30,2017_BRP_CCB_S1073_Dep26_20170219_PU0100_FD02990_CCB,2017-02-27
30,2017_BRP_CCB_S1073_Dep26_20170219_PU0100_FD02990_CCB,2017-02-28
30,2017_BRP_CCB_S1073_Dep26_20170219_PU0100_FD02990_CCB,2017-03-01
30,2017_BRP_CCB_S1073_Dep26_20170219_PU0100_FD02990_CCB,2017-03-02
30,2017_BRP_CCB_S1073_Dep26_20170219_PU0100_FD02990_CCB,2017-03-03
30,2017_BRP_CCB_S1073_Dep26_20170219_PU0100_FD02990_CCB,2017-03-04
30,2017_BRP_CCB_S1073_Dep26_20170219_PU0100_FD02990_CCB,2017-03-05
30,2017_BRP_CCB_S1073_Dep26_20170219_PU0100_FD02990_CCB,2017-03-06
30,2017_BRP_CCB_S1073_Dep26_20170219_PU0100_FD02990_CCB,2017-03-07
30,2017_BRP_CCB_S1073_Dep26_20170219_PU0100_FD02990_CCB,2017-03-08
30,2017_BRP_CCB_S1073_Dep26_20170219_PU0100_FD02990_CCB,2017-03-09
30,2017_BRP_CCB_S1073_Dep26_20170219_PU0100_FD02990_CCB,2017-03-10
30,2017_BRP_CCB_S1073_Dep26_20170219_PU0100_FD02990_CCB,2017-03-11
30,2017_BRP_CCB_S1073_Dep26_20170219_PU0100_FD02990_CCB,2017-03-12
30,2017_BRP_CCB_S1073_Dep26_20170219_PU0100_FD02990_CCB,2017-03-13
30,2017_BRP_CCB_S1073_Dep26_20170219_PU0100_FD02990_CCB,2017-03-14
30,2017_BRP_CCB_S1073_Dep26_20170219_PU0100_FD02990_CCB,2017-03-15
30,2017_BRP_CCB_S1073_Dep26_20170219_PU0100_FD02990_CCB,2017-03-16
30,2017_BRP_CCB_S1073_Dep26_20170219_PU0100_FD02990_CCB,2017-03-17
30,2017_BRP_CCB_S1073_Dep26_20170219_PU0100_FD02990_CCB,2017-03-18
30,2017_BRP_CCB_S1073_Dep26_20170219_PU0100_FD02990_CCB,2017-03-19
30,2017_BRP_CCB_S1073_Dep26_20170219_PU0100_FD02990_CCB,2017-03-20
30,2017_BRP_CCB_S1073_Dep26_20170219_PU0100_FD02990_CCB,2017-03-21
30,2017_BRP_CCB_S1073_Dep26_20170219_PU0100_FD02990_CCB,2017-03-22
30,2017_BRP_CCB_S1073_Dep26_20170219_PU0100_FD02990_CCB,2017-03-23
30,2017_BRP_CCB_S1073_Dep26_20170219_PU0100_FD02990_CCB,2017-03-24
30,2017_BRP_CCB_S1073_Dep26_20170219_PU0100_FD02990_CCB,2017-03-25
30,2017_BRP_CCB_S1073_Dep26_20170219_PU0100_FD02990_CCB,2017-03-26
30,2017_BRP_CCB_S1073_Dep26_20170219_PU0100_FD02990_CCB,2017-03-27
30,2017_BRP_CCB_S1073_Dep26_20170219_PU0100_FD02990_CCB,2017-03-28
30,2017_BRP_CCB_S1073_Dep26_20170219_PU0100_FD02990_CCB,2017-03-29
30,2017_BRP_CCB_S1073_Dep26_20170219_PU0100_FD02990_CCB,2017-03-30
30,2017_BRP_CCB_S1073_Dep26_20170219_PU0100_FD02990_CCB,2017-03-31
30,2017_BRP_CCB_S1073_Dep26_20170219_PU0100_FD02990_CCB,2017-04-01
30,2017_BRP_CCB_S1073_Dep26_20170219_PU0100_FD02990_CCB,2017-04-02
30,2017_BRP_CCB_S1073_Dep26_20170219_PU0100_FD02990_CCB,2017-04-03
30,2017_BRP_CCB_S1073_Dep26_20170219_PU0100_FD02990_CCB,2017-04-04
30,2017_BRP_CCB_S1073_Dep26_20170219_PU0100_FD02990_CCB,2017-04-05
30,2017_BRP_CCB_S1073_Dep26_20170219_PU0100_FD02990_CCB,2017-04-06
30,2017_BRP_CCB_S1073_Dep26_20170219_PU0100_FD02990_CCB,2017-04-07
30,2017_BRP_CCB_S1073_Dep26_20170219_PU0100_FD02990_CCB,2017-04-08
30,2017_BRP_CCB_S1073_Dep26_20170219_PU0100_FD02990_CCB,2017-04-09
30,2017_BRP_CCB_S1073_Dep26_20170219_PU0100_FD02990_CCB,2017-04-10
30,2017_BRP_CCB_S1073_Dep26_20170219_PU0100_FD02990_CCB,2017-04-11
30,2017_BRP_CCB_S1073_Dep26_20170219_PU0100_FD02990_CCB,2017-04-12
30,2017_BRP_CCB_S1073_Dep26_20170219_PU0100_FD02990_CCB,2017-04-13
30,2017_BRP_CCB_S1073_Dep26_20170219_PU0100_FD02990_CCB,2017-04-14
30,2017_BRP_CCB_S1073_Dep26_20170219_PU0100_FD02990_CCB,2017-04-15
30,2017_BRP_CCB_S1073_Dep26_20170219_PU0100_FD02990_CCB,2017-04-16
30,2017_BRP_CCB_S1073_Dep26_20170219_PU0100_FD02990_CCB,2017-04-17
30,2017_BRP_CCB_S1073_Dep26_20170219_PU0100_FD02990_CCB,2017-04-18
30,2017_BRP_CCB_S1073_Dep26_20170219_PU0100_FD02990_CCB,2017-04-19
30,2017_BRP_CCB_S1073_Dep26_20170219_PU0100_FD02990_CCB,2017-04-20
30,2017_BRP_CCB_S1073_Dep26_20170219_PU0100_FD02990_CCB,2017-04-21
30,2017_BRP_CCB_S1073_Dep26_20170219_PU0100_FD02990_CCB,2017-04-22
30,2017_BRP_CCB_S1073_Dep26_20170219_PU0100_FD02990_CCB,2017-04-23
30,2017_BRP_CCB_S1073_Dep26_20170219_PU0100_FD02990_CCB,2017-04-24
30,2017_BRP_CCB_S1073_Dep26_20170219_PU0100_FD02990_CCB,2017-04-25
30,2017_BRP_CCB_S1073_Dep26_20170219_PU0100_FD02990_CCB,2017-04-26
30,2017_BRP_CCB_S1073_Dep26_20170219_PU0100_FD02990_CCB,2017-04-27
30,2017_BRP_CCB_S1073_Dep26_20170219_PU0100_FD02990_CCB,2017-04-28
30,2017_BRP_CCB_S1073_Dep26_20170219_PU0100_FD02990_CCB,2017-04-29
30,2017_BRP_CCB_S1073_Dep26_20170219_PU0100_FD02990_CCB,2017-04-30
30,2017_BRP_CCB_S1073_Dep26_20170219_PU0100_FD02990_CCB,2017-05-01
30,2017_BRP_CCB_S1073_Dep26_20170219_PU0100_FD02990_CCB,2017-05-02
30,2017_BRP_CCB_S1073_Dep26_20170219_PU0100_FD02990_CCB,2017-05-03
30,2017_BRP_CCB_S1073_Dep26_20170219_PU0100_FD02990_CCB,2017-05-04
30,2017_BRP_CCB_S1073_Dep26_20170219_PU0100_FD02990_CCB,2017-05-05
30,2017_BRP_CCB_S1073_Dep26_20170219_PU0100_FD02990_CCB,2017-05-06
30,2017_BRP_CCB_S1073_Dep26_20170219_PU0100_FD02990_CCB,2017-05-07
30,2017_BRP_CCB_S1073_Dep26_20170219_PU0100_FD02990_CCB,2017-05-08
30,2017_BRP_CCB_S1073_Dep26_20170219_PU0100_FD02990_CCB,2017-05-09
30,2017_BRP_CCB_S1073_Dep26_20170219_PU0100_FD02990_CCB,2017-05-10
30,2017_BRP_CCB_S1073_Dep26_20170219_PU0100_FD02990_CCB,2017-05-11
30,2017_BRP_CCB_S1073_Dep26_20170219_PU0100_FD02990_CCB,2017-05-12
30,2017_BRP_CCB_S1073_Dep26_20170219_PU0100_FD02990_CCB,2017-05-13
30,2017_BRP_CCB_S1073_Dep26_20170219_PU0100_FD02990_CCB,2017-05-14
30,2017_BRP_CCB_S1073_Dep26_20170219_PU0100_FD02990_CCB,2017-05-15
30,2017_BRP_CCB_S1073_Dep26_20170219_PU0100_FD02990_CCB,2017-05-16
34,2018_BRP_CCB_S1074_Dep27_20180213_PU0202_FD03186,2018-02-13
34,2018_BRP_CCB_S1074_Dep27_20180213_PU0202_FD03186,2018-02-14
34,2018_BRP_CCB_S1074_Dep27_20180213_PU0202_FD03186,2018-02-15
34,2018_BRP_CCB_S1074_Dep27_20180213_PU0202_FD03186,2018-02-16
34,2018_BRP_CCB_S1074_Dep27_20180213_PU0202_FD03186,2018-02-17
34,2018_BRP_CCB_S1074_Dep27_20180213_PU0202_FD03186,2018-02-18
34,2018_BRP_CCB_S1074_Dep27_20180213_PU0202_FD03186,2018-02-19
34,2018_BRP_CCB_S1074_Dep27_20180213_PU0202_FD03186,2018-02-20
34,2018_BRP_CCB_S1074_Dep27_20180213_PU0202_FD03186,2018-02-21
34,2018_BRP_CCB_S1074_Dep27_20180213_PU0202_FD03186,2018-02-22
34,2018_BRP_CCB_S1074_Dep27_20180213_PU0202_FD03186,2018-02-23
34,2018_BRP_CCB_S1074_Dep27_20180213_PU0202_FD03186,2018-02-24
34,2018_BRP_CCB_S1074_Dep27_20180213_PU0202_FD03186,2018-02-25
34,2018_BRP_CCB_S1074_Dep27_20180213_PU0202_FD03186,2018-02-26
34,2018_BRP_CCB_S1074_Dep27_20180213_PU0202_FD03186,2018-02-27
34,2018_BRP_CCB_S1074_Dep27_20180213_PU0202_FD03186,2018-02-28
34,2018_BRP_CCB_S1074_Dep27_20180213_PU0202_FD03186,2018-03-01
34,2018_BRP_CCB_S1074_Dep27_20180213_PU0202_FD03186,2018-03-02
34,2018_BRP_CCB_S1074_Dep27_20180213_PU0202_FD03186,2018-03-03
34,2018_BRP_CCB_S1074_Dep27_20180213_PU0202_FD03186,2018-03-04
34,2018_BRP_CCB_S1074_Dep27_20180213_PU0202_FD03186,2018-03-05
34,2018_BRP_CCB_S1074_Dep27_20180213_PU0202_FD03186,2018-03-06
34,2018_BRP_CCB_S1074_Dep27_20180213_PU0202_FD03186,2018-03-07
34,2018_BRP_CCB_S1074_Dep27_20180213_PU0202_FD03186,2018-03-08
34,2018_BRP_CCB_S1074_Dep27_20180213_PU0202_FD03186,2018-03-09
34,2018_BRP_CCB_S1074_Dep27_20180213_PU0202_FD03186,2018-03-10
34,2018_BRP_CCB_S1074_Dep27_20180213_PU0202_FD03186,2018-03-11
34,2018_BRP_CCB_S1074_Dep27_20180213_PU0202_FD03186,2018-03-12
34,2018_BRP_CCB_S1074_Dep27_20180213_PU0202_FD03186,2018-03-13
34,2018_BRP_CCB_S1074_Dep27_20180213_PU0202_FD03186,2018-03-14
34,2018_BRP_CCB_S1074_Dep27_20180213_PU0202_FD03186,2018-03-15
34,2018_BRP_CCB_S1074_Dep27_20180213_PU0202_FD03186,2018-03-16
34,2018_BRP_CCB_S1074_Dep27_20180213_PU0202_FD03186,2018-03-17
34,2018_BRP_CCB_S1074_Dep27_20180213_PU0202_FD03186,2018-03-18
34,2018_BRP_CCB_S1074_Dep27_20180213_PU0202_FD03186,2018-03-19
34,2018_BRP_CCB_S1074_Dep27_20180213_PU0202_FD03186,2018-03-20
34,2018_BRP_CCB_S1074_Dep27_20180213_PU0202_FD03186,2018-03-21
34,2018_BRP_CCB_S1074_Dep27_20180213_PU0202_FD03186,2018-03-22
34,2018_BRP_CCB_S1074_Dep27_20180213_PU0202_FD03186,2018-03-23
34,2018_BRP_CCB_S1074_Dep27_20180213_PU0202_FD03186,2018-03-24
34,2018_BRP_CCB_S1074_Dep27_20180213_PU0202_FD03186,2018-03-25
34,2018_BRP_CCB_S1074_Dep27_20180213_PU0202_FD03186,2018-03-26
34,2018_BRP_CCB_S1074_Dep27_20180213_PU0202_FD03186,2018-03-27
34,2018_BRP_CCB_S1074_Dep27_20180213_PU0202_FD03186,2018-03-28
34,2018_BRP_CCB_S1074_Dep27_20180213_PU0202_FD03186,2018-03-29
34,2018_BRP_CCB_S1074_Dep27_20180213_PU0202_FD03186,2018-03-30
34,2018_BRP_CCB_S1074_Dep27_20180213_PU0202_FD03186,2018-03-31
34,2018_BRP_CCB_S1074_Dep27_20180213_PU0202_FD03186,2018-04-01
34,2018_BRP_CCB_S1074_Dep27_20180213_PU0202_FD03186,2018-04-02
34,2018_BRP_CCB_S1074_Dep27_20180213_PU0202_FD03186,2018-04-03
34,2018_BRP_CCB_S1074_Dep27_20180213_PU0202_FD03186,2018-04-04
34,2018_BRP_CCB_S1074_Dep27_20180213_PU0202_FD03186,2018-04-05
34,2018_BRP_CCB_S1074_Dep27_20180213_PU0202_FD03186,2018-04-06
34,2018_BRP_CCB_S1074_Dep27_20180213_PU0202_FD03186,2018-04-07
34,2018_BRP_CCB_S1074_Dep27_20180213_PU0202_FD03186,2018-04-08
34,2018_BRP_CCB_S1074_Dep27_20180213_PU0202_FD03186,2018-04-09
34,2018_BRP_CCB_S1074_Dep27_20180213_PU0202_FD03186,2018-04-10
34,2018_BRP_CCB_S1074_Dep27_20180213_PU0202_FD03186,2018-04-11
34,2018_BRP_CCB_S1074_Dep27_20180213_PU0202_FD03186,2018-04-12
34,2018_BRP_CCB_S1074_Dep27_20180213_PU0202_FD03186,2018-04-13
34,2018_BRP_CCB_S1074_Dep27_20180213_PU0202_FD03186,2018-04-14
34,2018_BRP_CCB_S1074_Dep27_20180213_PU0202_FD03186,2018-04-15
34,2018_BRP_CCB_S1074_Dep27_20180213_PU0202_FD03186,2018-04-16
34,2018_BRP_CCB_S1074_Dep27_20180213_PU0202_FD03186,2018-04-17
34,2018_BRP_CCB_S1074_Dep27_20180213_PU0202_FD03186,2018-04-18
34,2018_BRP_CCB_S1074_Dep27_20180213_PU0202_FD03186,2018-04-19
34,2018_BRP_CCB_S1074_Dep27_20180213_PU0202_FD03186,2018-04-20
34,2018_BRP_CCB_S1074_Dep27_20180213_PU0202_FD03186,2018-04-21
34,2018_BRP_CCB_S1074_Dep27_20180213_PU0202_FD03186,2018-04-22
34,2018_BRP_CCB_S1074_Dep27_20180213_PU0202_FD03186,2018-04-23
34,2018_BRP_CCB_S1074_Dep27_20180213_PU0202_FD03186,2018-04-24
34,2018_BRP_CCB_S1074_Dep27_20180213_PU0202_FD03186,2018-04-25
34,2018_BRP_CCB_S1074_Dep27_20180213_PU0202_FD03186,2018-04-26
34,2018_BRP_CCB_S1074_Dep27_20180213_PU0202_FD03186,2018-04-27
34,2018_BRP_CCB_S1074_Dep27_20180213_PU0202_FD03186,2018-04-28
34,2018_BRP_CCB_S1074_Dep27_20180213_PU0202_FD03186,2018-04-29
34,2018_BRP_CCB_S1074_Dep27_20180213_PU0202_FD03186,2018-04-30
34,2018_BRP_CCB_S1074_Dep27_20180213_PU0202_FD03186,2018-05-01
34,2018_BRP_CCB_S1074_Dep27_20180213_PU0202_FD03186,2018-05-02
34,2018_BRP_CCB_S1074_Dep27_20180213_PU0202_FD03186,2018-05-03
34,2018_BRP_CCB_S1074_Dep27_20180213_PU0202_FD03186,2018-05-04
34,2018_BRP_CCB_S1074_Dep27_20180213_PU0202_FD03186,2018-05-05
34,2018_BRP_CCB_S1074_Dep27_20180213_PU0202_FD03186,2018-05-06
34,2018_BRP_CCB_S1074_Dep27_20180213_PU0202_FD03186,2018-05-07
34,2018_BRP_CCB_S1074_Dep27_20180213_PU0202_FD03186,2018-05-08
34,2018_BRP_CCB_S1074_Dep27_20180213_PU0202_FD03186,2018-05-09
34,2018_BRP_CCB_S1074_Dep27_20180213_PU0202_FD03186,2018-05-10
34,2018_BRP_CCB_S1074_Dep27_20180213_PU0202_FD03186,2018-05-11
34,2018_BRP_CCB_S1074_Dep27_20180213_PU0202_FD03186,2018-05-12
34,2018_BRP_CCB_S1074_Dep27_20180213_PU0202_FD03186,2018-05-13
34,2018_BRP_CCB_S1074_Dep27_20180213_PU0202_FD03186,2018-05-14
34,2018_BRP_CCB_S1074_Dep27_20180213_PU0202_FD03186,2018-05-15
34,2018_BRP_CCB_S1074_Dep27_20180213_PU0202_FD03186,2018-05-16
34,2018_BRP_CCB_S1074_Dep27_20180213_PU0202_FD03186,2018-05-17
34,2018_BRP_CCB_S1074_Dep27_20180213_PU0202_FD03186,2018-05-18
34,2018_BRP_CCB_S1074_Dep27_20180213_PU0202_FD03186,2018-05-19
34,2018_BRP_CCB_S1074_Dep27_20180213_PU0202_FD03186,2018-05-20
34,2018_BRP_CCB_S1074_Dep27_20180213_PU0202_FD03186,2018-05-21
34,2018_BRP_CCB_S1074_Dep27_20180213_PU0202_FD03186,2018-05-22
34,2018_BRP_CCB_S1074_Dep27_20180213_PU0202_FD03186,2018-05-23
34,2018_BRP_CCB_S1074_Dep27_20180213_PU0202_FD03186,2018-05-24
34,2018_BRP_CCB_S1074_Dep27_20180213_PU0202_FD03186,2018-05-25
34,2018_BRP_CCB_S1074_Dep27_20180213_PU0202_FD03186,2018-05-26
34,2018_BRP_CCB_S1074_Dep27_20180213_PU0202_FD03186,2018-05-27
34,2018_BRP_CCB_S1074_Dep27_20180213_PU0202_FD03186,2018-05-28
34,2018_BRP_CCB_S1074_Dep27_20180213_PU0202_FD03186,2018-05-29
34,2018_BRP_CCB_S1074_Dep27_20180213_PU0202_FD03186,2018-05-30