,Unnamed: 0,c_uniqueUnitID,between_days,DataType
0,0.0,2011_BRP_CCB_S1016_Dep20_20110217_PU0205_FD02018_CCB20,2011-02-17,acoustic
1,0.0,2011_BRP_CCB_S1016_Dep20_20110217_PU0205_FD02018_CCB20,2011-02-18,acoustic
2,0.0,2011_BRP_CCB_S1016_Dep20_20110217_PU0205_FD02018_CCB20,2011-02-19,acoustic
3,0.0,2011_BRP_CCB_S1016_Dep20_20110217_PU0205_FD02018_CCB20,2011-02-20,acoustic
4,0.0,2011_BRP_CCB_S1016_Dep20_20110217_PU0205_FD02018_CCB20,2011-02-21,acoustic
5,0.0,2011_BRP_CCB_S1016_Dep20_20110217_PU0205_FD02018_CCB20,2011-02-22,acoustic
6,0.0,2011_BRP_CCB_S1016_Dep20_20110217_PU0205_FD02018_CCB20,2011-02-23,acoustic
7,0.0,2011_BRP_CCB_S1016_Dep20_20110217_PU0205_FD02018_CCB20,2011-02-24,acoustic
8,0.0,2011_BRP_CCB_S1016_Dep20_20110217_PU0205_FD02018_CCB20,2011-02-25,acoustic
9,0.0,2011_BRP_CCB_S1016_Dep20_20110217_PU0205_FD02018_CCB20,2011-02-26,acoustic
10,0.0,2011_BRP_CCB_S1016_Dep20_20110217_PU0205_FD02018_CCB20,2011-02-27,acoustic
11,0.0,2011_BRP_CCB_S1016_Dep20_20110217_PU0205_FD02018_CCB20,2011-02-28,acoustic
12,0.0,2011_BRP_CCB_S1016_Dep20_20110217_PU0205_FD02018_CCB20,2011-03-01,acoustic
13,0.0,2011_BRP_CCB_S1016_Dep20_20110217_PU0205_FD02018_CCB20,2011-03-02,acoustic
14,0.0,2011_BRP_CCB_S1016_Dep20_20110217_PU0205_FD02018_CCB20,2011-03-03,acoustic
15,0.0,2011_BRP_CCB_S1016_Dep20_20110217_PU0205_FD02018_CCB20,2011-03-04,acoustic
16,0.0,2011_BRP_CCB_S1016_Dep20_20110217_PU0205_FD02018_CCB20,2011-03-05,acoustic
17,0.0,2011_BRP_CCB_S1016_Dep20_20110217_PU0205_FD02018_CCB20,2011-03-06,acoustic
18,0.0,2011_BRP_CCB_S1016_Dep20_20110217_PU0205_FD02018_CCB20,2011-03-07,acoustic
19,0.0,2011_BRP_CCB_S1016_Dep20_20110217_PU0205_FD02018_CCB20,2011-03-08,acoustic
20,0.0,2011_BRP_CCB_S1016_Dep20_20110217_PU0205_FD02018_CCB20,2011-03-09,acoustic
21,0.0,2011_BRP_CCB_S1016_Dep20_20110217_PU0205_FD02018_CCB20,2011-03-10,acoustic
22,0.0,2011_BRP_CCB_S1016_Dep20_20110217_PU0205_FD02018_CCB20,2011-03-11,acoustic
23,0.0,2011_BRP_CCB_S1016_Dep20_20110217_PU0205_FD02018_CCB20,2011-03-12,acoustic
24,0.0,2011_BRP_CCB_S1016_Dep20_20110217_PU0205_FD02018_CCB20,2011-03-13,acoustic
25,0.0,2011_BRP_CCB_S1016_Dep20_20110217_PU0205_FD02018_CCB20,2011-03-14,acoustic
26,0.0,2011_BRP_CCB_S1016_Dep20_20110217_PU0205_FD02018_CCB20,2011-03-15,acoustic
27,0.0,2011_BRP_CCB_S1016_Dep20_20110217_PU0205_FD02018_CCB20,2011-03-16,acoustic
28,0.0,2011_BRP_CCB_S1016_Dep20_20110217_PU0205_FD02018_CCB20,2011-03-17,acoustic
29,0.0,2011_BRP_CCB_S1016_Dep20_20110217_PU0205_FD02018_CCB20,2011-03-18,acoustic
30,0.0,2011_BRP_CCB_S1016_Dep20_20110217_PU0205_FD02018_CCB20,2011-03-19,acoustic
31,0.0,2011_BRP_CCB_S1016_Dep20_20110217_PU0205_FD02018_CCB20,2011-03-20,acoustic
32,0.0,2011_BRP_CCB_S1016_Dep20_20110217_PU0205_FD02018_CCB20,2011-03-21,acoustic
33,0.0,2011_BRP_CCB_S1016_Dep20_20110217_PU0205_FD02018_CCB20,2011-03-22,acoustic
34,0.0,2011_BRP_CCB_S1016_Dep20_20110217_PU0205_FD02018_CCB20,2011-03-23,acoustic
35,0.0,2011_BRP_CCB_S1016_Dep20_20110217_PU0205_FD02018_CCB20,2011-03-24,acoustic
36,0.0,2011_BRP_CCB_S1016_Dep20_20110217_PU0205_FD02018_CCB20,2011-03-25,acoustic
37,0.0,2011_BRP_CCB_S1016_Dep20_20110217_PU0205_FD02018_CCB20,2011-03-26,acoustic
38,0.0,2011_BRP_CCB_S1016_Dep20_20110217_PU0205_FD02018_CCB20,2011-03-27,acoustic
39,0.0,2011_BRP_CCB_S1016_Dep20_20110217_PU0205_FD02018_CCB20,2011-03-28,acoustic
40,0.0,2011_BRP_CCB_S1016_Dep20_20110217_PU0205_FD02018_CCB20,2011-03-29,acoustic
41,0.0,2011_BRP_CCB_S1016_Dep20_20110217_PU0205_FD02018_CCB20,2011-03-30,acoustic
42,0.0,2011_BRP_CCB_S1016_Dep20_20110217_PU0205_FD02018_CCB20,2011-03-31,acoustic
43,0.0,2011_BRP_CCB_S1016_Dep20_20110217_PU0205_FD02018_CCB20,2011-04-01,acoustic
44,0.0,2011_BRP_CCB_S1016_Dep20_20110217_PU0205_FD02018_CCB20,2011-04-02,acoustic
45,0.0,2011_BRP_CCB_S1016_Dep20_20110217_PU0205_FD02018_CCB20,2011-04-03,acoustic
46,0.0,2011_BRP_CCB_S1016_Dep20_20110217_PU0205_FD02018_CCB20,2011-04-04,acoustic
47,0.0,2011_BRP_CCB_S1016_Dep20_20110217_PU0205_FD02018_CCB20,2011-04-05,acoustic
48,0.0,2011_BRP_CCB_S1016_Dep20_20110217_PU0205_FD02018_CCB20,2011-04-06,acoustic
49,0.0,2011_BRP_CCB_S1016_Dep20_20110217_PU0205_FD02018_CCB20,2011-04-07,acoustic
50,0.0,2011_BRP_CCB_S1016_Dep20_20110217_PU0205_FD02018_CCB20,2011-04-08,acoustic
51,0.0,2011_BRP_CCB_S1016_Dep20_20110217_PU0205_FD02018_CCB20,2011-04-09,acoustic
52,0.0,2011_BRP_CCB_S1016_Dep20_20110217_PU0205_FD02018_CCB20,2011-04-10,acoustic
53,0.0,2011_BRP_CCB_S1016_Dep20_20110217_PU0205_FD02018_CCB20,2011-04-11,acoustic
54,0.0,2011_BRP_CCB_S1016_Dep20_20110217_PU0205_FD02018_CCB20,2011-04-12,acoustic
55,0.0,2011_BRP_CCB_S1016_Dep20_20110217_PU0205_FD02018_CCB20,2011-04-13,acoustic
56,0.0,2011_BRP_CCB_S1016_Dep20_20110217_PU0205_FD02018_CCB20,2011-04-14,acoustic
57,0.0,2011_BRP_CCB_S1016_Dep20_20110217_PU0205_FD02018_CCB20,2011-04-15,acoustic
58,0.0,2011_BRP_CCB_S1016_Dep20_20110217_PU0205_FD02018_CCB20,2011-04-16,acoustic
59,0.0,2011_BRP_CCB_S1016_Dep20_20110217_PU0205_FD02018_CCB20,2011-04-17,acoustic
60,0.0,2011_BRP_CCB_S1016_Dep20_20110217_PU0205_FD02018_CCB20,2011-04-18,acoustic
61,0.0,2011_BRP_CCB_S1016_Dep20_20110217_PU0205_FD02018_CCB20,2011-04-19,acoustic
62,0.0,2011_BRP_CCB_S1016_Dep20_20110217_PU0205_FD02018_CCB20,2011-04-20,acoustic
63,0.0,2011_BRP_CCB_S1016_Dep20_20110217_PU0205_FD02018_CCB20,2011-04-21,acoustic
64,0.0,2011_BRP_CCB_S1016_Dep20_20110217_PU0205_FD02018_CCB20,2011-04-22,acoustic
65,0.0,2011_BRP_CCB_S1016_Dep20_20110217_PU0205_FD02018_CCB20,2011-04-23,acoustic
66,0.0,2011_BRP_CCB_S1016_Dep20_20110217_PU0205_FD02018_CCB20,2011-04-24,acoustic
67,0.0,2011_BRP_CCB_S1016_Dep20_20110217_PU0205_FD02018_CCB20,2011-04-25,acoustic
68,0.0,2011_BRP_CCB_S1016_Dep20_20110217_PU0205_FD02018_CCB20,2011-04-26,acoustic
69,0.0,2011_BRP_CCB_S1016_Dep20_20110217_PU0205_FD02018_CCB20,2011-04-27,acoustic
70,0.0,2011_BRP_CCB_S1016_Dep20_20110217_PU0205_FD02018_CCB20,2011-04-28,acoustic
71,0.0,2011_BRP_CCB_S1016_Dep20_20110217_PU0205_FD02018_CCB20,2011-04-29,acoustic
72,0.0,2011_BRP_CCB_S1016_Dep20_20110217_PU0205_FD02018_CCB20,2011-04-30,acoustic
73,0.0,2011_BRP_CCB_S1016_Dep20_20110217_PU0205_FD02018_CCB20,2011-05-01,acoustic
74,0.0,2011_BRP_CCB_S1016_Dep20_20110217_PU0205_FD02018_CCB20,2011-05-02,acoustic
75,0.0,2011_BRP_CCB_S1016_Dep20_20110217_PU0205_FD02018_CCB20,2011-05-03,acoustic
76,0.0,2011_BRP_CCB_S1016_Dep20_20110217_PU0205_FD02018_CCB20,2011-05-04,acoustic
77,0.0,2011_BRP_CCB_S1016_Dep20_20110217_PU0205_FD02018_CCB20,2011-05-05,acoustic
78,0.0,2011_BRP_CCB_S1016_Dep20_20110217_PU0205_FD02018_CCB20,2011-05-06,acoustic
79,0.0,2011_BRP_CCB_S1016_Dep20_20110217_PU0205_FD02018_CCB20,2011-05-07,acoustic
80,0.0,2011_BRP_CCB_S1016_Dep20_20110217_PU0205_FD02018_CCB20,2011-05-08,acoustic
81,8.0,2013_BRP_CCB_S1011_Dep22_20130126_PU0016_FD02130,2013-01-28,acoustic
82,8.0,2013_BRP_CCB_S1011_Dep22_20130126_PU0016_FD02130,2013-01-29,acoustic
83,8.0,2013_BRP_CCB_S1011_Dep22_20130126_PU0016_FD02130,2013-01-30,acoustic
84,8.0,2013_BRP_CCB_S1011_Dep22_20130126_PU0016_FD02130,2013-01-31,acoustic
85,8.0,2013_BRP_CCB_S1011_Dep22_20130126_PU0016_FD02130,2013-02-01,acoustic
86,8.0,2013_BRP_CCB_S1011_Dep22_20130126_PU0016_FD02130,2013-02-02,acoustic
87,8.0,2013_BRP_CCB_S1011_Dep22_20130126_PU0016_FD02130,2013-02-03,acoustic
88,8.0,2013_BRP_CCB_S1011_Dep22_20130126_PU0016_FD02130,2013-02-04,acoustic
89,8.0,2013_BRP_CCB_S1011_Dep22_20130126_PU0016_FD02130,2013-02-05,acoustic
90,8.0,2013_BRP_CCB_S1011_Dep22_20130126_PU0016_FD02130,2013-02-06,acoustic
91,8.0,2013_BRP_CCB_S1011_Dep22_20130126_PU0016_FD02130,2013-02-07,acoustic
92,8.0,2013_BRP_CCB_S1011_Dep22_20130126_PU0016_FD02130,2013-02-08,acoustic
93,8.0,2013_BRP_CCB_S1011_Dep22_20130126_PU0016_FD02130,2013-02-09,acoustic
94,8.0,2013_BRP_CCB_S1011_Dep22_20130126_PU0016_FD02130,2013-02-10,acoustic
95,8.0,2013_BRP_CCB_S1011_Dep22_20130126_PU0016_FD02130,2013-02-11,acoustic
96,8.0,2013_BRP_CCB_S1011_Dep22_20130126_PU0016_FD02130,2013-02-12,acoustic
97,8.0,2013_BRP_CCB_S1011_Dep22_20130126_PU0016_FD02130,2013-02-13,acoustic
98,8.0,2013_BRP_CCB_S1011_Dep22_20130126_PU0016_FD02130,2013-02-14,acoustic
99,8.0,2013_BRP_CCB_S1011_Dep22_20130126_PU0016_FD02130,2013-02-15,acoustic
100,8.0,2013_BRP_CCB_S1011_Dep22_20130126_PU0016_FD02130,2013-02-16,acoustic
101,8.0,2013_BRP_CCB_S1011_Dep22_20130126_PU0016_FD02130,2013-02-17,acoustic
102,8.0,2013_BRP_CCB_S1011_Dep22_20130126_PU0016_FD02130,2013-02-18,acoustic
103,8.0,2013_BRP_CCB_S1011_Dep22_20130126_PU0016_FD02130,2013-02-19,acoustic
104,8.0,2013_BRP_CCB_S1011_Dep22_20130126_PU0016_FD02130,2013-02-20,acoustic
105,8.0,2013_BRP_CCB_S1011_Dep22_20130126_PU0016_FD02130,2013-02-21,acoustic
106,8.0,2013_BRP_CCB_S1011_Dep22_20130126_PU0016_FD02130,2013-02-22,acoustic
107,8.0,2013_BRP_CCB_S1011_Dep22_20130126_PU0016_FD02130,2013-02-23,acoustic
108,8.0,2013_BRP_CCB_S1011_Dep22_20130126_PU0016_FD02130,2013-02-24,acoustic
109,8.0,2013_BRP_CCB_S1011_Dep22_20130126_PU0016_FD02130,2013-02-25,acoustic
110,8.0,2013_BRP_CCB_S1011_Dep22_20130126_PU0016_FD02130,2013-02-26,acoustic
111,8.0,2013_BRP_CCB_S1011_Dep22_20130126_PU0016_FD02130,2013-02-27,acoustic
112,8.0,2013_BRP_CCB_S1011_Dep22_20130126_PU0016_FD02130,2013-02-28,acoustic
113,8.0,2013_BRP_CCB_S1011_Dep22_20130126_PU0016_FD02130,2013-03-01,acoustic
114,8.0,2013_BRP_CCB_S1011_Dep22_20130126_PU0016_FD02130,2013-03-02,acoustic
115,8.0,2013_BRP_CCB_S1011_Dep22_20130126_PU0016_FD02130,2013-03-03,acoustic
116,8.0,2013_BRP_CCB_S1011_Dep22_20130126_PU0016_FD02130,2013-03-04,acoustic
117,8.0,2013_BRP_CCB_S1011_Dep22_20130126_PU0016_FD02130,2013-03-05,acoustic
118,8.0,2013_BRP_CCB_S1011_Dep22_20130126_PU0016_FD02130,2013-03-06,acoustic
119,8.0,2013_BRP_CCB_S1011_Dep22_20130126_PU0016_FD02130,2013-03-07,acoustic
120,8.0,2013_BRP_CCB_S1011_Dep22_20130126_PU0016_FD02130,2013-03-08,acoustic
121,8.0,2013_BRP_CCB_S1011_Dep22_20130126_PU0016_FD02130,2013-03-09,acoustic
122,8.0,2013_BRP_CCB_S1011_Dep22_20130126_PU0016_FD02130,2013-03-10,acoustic
123,8.0,2013_BRP_CCB_S1011_Dep22_20130126_PU0016_FD02130,2013-03-11,acoustic
124,8.0,2013_BRP_CCB_S1011_Dep22_20130126_PU0016_FD02130,2013-03-12,acoustic
125,8.0,2013_BRP_CCB_S1011_Dep22_20130126_PU0016_FD02130,2013-03-13,acoustic
126,8.0,2013_BRP_CCB_S1011_Dep22_20130126_PU0016_FD02130,2013-03-14,acoustic
127,8.0,2013_BRP_CCB_S1011_Dep22_20130126_PU0016_FD02130,2013-03-15,acoustic
128,8.0,2013_BRP_CCB_S1011_Dep22_20130126_PU0016_FD02130,2013-03-16,acoustic
129,8.0,2013_BRP_CCB_S1011_Dep22_20130126_PU0016_FD02130,2013-03-17,acoustic
130,8.0,2013_BRP_CCB_S1011_Dep22_20130126_PU0016_FD02130,2013-03-18,acoustic
131,8.0,2013_BRP_CCB_S1011_Dep22_20130126_PU0016_FD02130,2013-03-19,acoustic
132,8.0,2013_BRP_CCB_S1011_Dep22_20130126_PU0016_FD02130,2013-03-20,acoustic
133,8.0,2013_BRP_CCB_S1011_Dep22_20130126_PU0016_FD02130,2013-03-21,acoustic
134,8.0,2013_BRP_CCB_S1011_Dep22_20130126_PU0016_FD02130,2013-03-22,acoustic
135,8.0,2013_BRP_CCB_S1011_Dep22_20130126_PU0016_FD02130,2013-03-23,acoustic
136,8.0,2013_BRP_CCB_S1011_Dep22_20130126_PU0016_FD02130,2013-03-24,acoustic
137,8.0,2013_BRP_CCB_S1011_Dep22_20130126_PU0016_FD02130,2013-03-25,acoustic
138,8.0,2013_BRP_CCB_S1011_Dep22_20130126_PU0016_FD02130,2013-03-26,acoustic
139,8.0,2013_BRP_CCB_S1011_Dep22_20130126_PU0016_FD02130,2013-03-27,acoustic
140,8.0,2013_BRP_CCB_S1011_Dep22_20130126_PU0016_FD02130,2013-03-28,acoustic
141,8.0,2013_BRP_CCB_S1011_Dep22_20130126_PU0016_FD02130,2013-03-29,acoustic
142,8.0,2013_BRP_CCB_S1011_Dep22_20130126_PU0016_FD02130,2013-03-30,acoustic
143,8.0,2013_BRP_CCB_S1011_Dep22_20130126_PU0016_FD02130,2013-03-31,acoustic
144,8.0,2013_BRP_CCB_S1011_Dep22_20130126_PU0016_FD02130,2013-04-01,acoustic
145,8.0,2013_BRP_CCB_S1011_Dep22_20130126_PU0016_FD02130,2013-04-02,acoustic
146,8.0,2013_BRP_CCB_S1011_Dep22_20130126_PU0016_FD02130,2013-04-03,acoustic
147,8.0,2013_BRP_CCB_S1011_Dep22_20130126_PU0016_FD02130,2013-04-04,acoustic
148,8.0,2013_BRP_CCB_S1011_Dep22_20130126_PU0016_FD02130,2013-04-05,acoustic
149,8.0,2013_BRP_CCB_S1011_Dep22_20130126_PU0016_FD02130,2013-04-06,acoustic
150,8.0,2013_BRP_CCB_S1011_Dep22_20130126_PU0016_FD02130,2013-04-07,acoustic
151,8.0,2013_BRP_CCB_S1011_Dep22_20130126_PU0016_FD02130,2013-04-08,acoustic
152,8.0,2013_BRP_CCB_S1011_Dep22_20130126_PU0016_FD02130,2013-04-09,acoustic
153,8.0,2013_BRP_CCB_S1011_Dep22_20130126_PU0016_FD02130,2013-04-10,acoustic
154,8.0,2013_BRP_CCB_S1011_Dep22_20130126_PU0016_FD02130,2013-04-11,acoustic
155,8.0,2013_BRP_CCB_S1011_Dep22_20130126_PU0016_FD02130,2013-04-12,acoustic
156,8.0,2013_BRP_CCB_S1011_Dep22_20130126_PU0016_FD02130,2013-04-13,acoustic
157,8.0,2013_BRP_CCB_S1011_Dep22_20130126_PU0016_FD02130,2013-04-14,acoustic
158,8.0,2013_BRP_CCB_S1011_Dep22_20130126_PU0016_FD02130,2013-04-15,acoustic
159,8.0,2013_BRP_CCB_S1011_Dep22_20130126_PU0016_FD02130,2013-04-16,acoustic
160,8.0,2013_BRP_CCB_S1011_Dep22_20130126_PU0016_FD02130,2013-04-17,acoustic
161,8.0,2013_BRP_CCB_S1011_Dep22_20130126_PU0016_FD02130,2013-04-18,acoustic
162,8.0,2013_BRP_CCB_S1011_Dep22_20130126_PU0016_FD02130,2013-04-19,acoustic
163,8.0,2013_BRP_CCB_S1011_Dep22_20130126_PU0016_FD02130,2013-04-20,acoustic
164,8.0,2013_BRP_CCB_S1011_Dep22_20130126_PU0016_FD02130,2013-04-21,acoustic
165,8.0,2013_BRP_CCB_S1011_Dep22_20130126_PU0016_FD02130,2013-04-22,acoustic
166,8.0,2013_BRP_CCB_S1011_Dep22_20130126_PU0016_FD02130,2013-04-23,acoustic
167,8.0,2013_BRP_CCB_S1011_Dep22_20130126_PU0016_FD02130,2013-04-24,acoustic
168,8.0,2013_BRP_CCB_S1011_Dep22_20130126_PU0016_FD02130,2013-04-25,acoustic
169,8.0,2013_BRP_CCB_S1011_Dep22_20130126_PU0016_FD02130,2013-04-26,acoustic
170,8.0,2013_BRP_CCB_S1011_Dep22_20130126_PU0016_FD02130,2013-04-27,acoustic
171,8.0,2013_BRP_CCB_S1011_Dep22_20130126_PU0016_FD02130,2013-04-28,acoustic
172,8.0,2013_BRP_CCB_S1011_Dep22_20130126_PU0016_FD02130,2013-04-29,acoustic
173,8.0,2013_BRP_CCB_S1011_Dep22_20130126_PU0016_FD02130,2013-04-30,acoustic
174,8.0,2013_BRP_CCB_S1011_Dep22_20130126_PU0016_FD02130,2013-05-01,acoustic
175,8.0,2013_BRP_CCB_S1011_Dep22_20130126_PU0016_FD02130,2013-05-02,acoustic
176,8.0,2013_BRP_CCB_S1011_Dep22_20130126_PU0016_FD02130,2013-05-03,acoustic
177,8.0,2013_BRP_CCB_S1011_Dep22_20130126_PU0016_FD02130,2013-05-04,acoustic
178,8.0,2013_BRP_CCB_S1011_Dep22_20130126_PU0016_FD02130,2013-05-05,acoustic
179,8.0,2013_BRP_CCB_S1011_Dep22_20130126_PU0016_FD02130,2013-05-06,acoustic
180,21.0,2014_BRP_CCB_S1038_Dep23_20140131_AM0269_AM00000,2014-02-07,acoustic
181,21.0,2014_BRP_CCB_S1038_Dep23_20140131_AM0269_AM00000,2014-02-08,acoustic
182,21.0,2014_BRP_CCB_S1038_Dep23_20140131_AM0269_AM00000,2014-02-09,acoustic
183,21.0,2014_BRP_CCB_S1038_Dep23_20140131_AM0269_AM00000,2014-02-10,acoustic
184,21.0,2014_BRP_CCB_S1038_Dep23_20140131_AM0269_AM00000,2014-02-11,acoustic
185,21.0,2014_BRP_CCB_S1038_Dep23_20140131_AM0269_AM00000,2014-02-12,acoustic
186,21.0,2014_BRP_CCB_S1038_Dep23_20140131_AM0269_AM00000,2014-02-13,acoustic
187,21.0,2014_BRP_CCB_S1038_Dep23_20140131_AM0269_AM00000,2014-02-14,acoustic
188,21.0,2014_BRP_CCB_S1038_Dep23_20140131_AM0269_AM00000,2014-02-15,acoustic
189,21.0,2014_BRP_CCB_S1038_Dep23_20140131_AM0269_AM00000,2014-02-16,acoustic
190,21.0,2014_BRP_CCB_S1038_Dep23_20140131_AM0269_AM00000,2014-02-17,acoustic
191,21.0,2014_BRP_CCB_S1038_Dep23_20140131_AM0269_AM00000,2014-02-18,acoustic
192,21.0,2014_BRP_CCB_S1038_Dep23_20140131_AM0269_AM00000,2014-02-19,acoustic
193,21.0,2014_BRP_CCB_S1038_Dep23_20140131_AM0269_AM00000,2014-02-20,acoustic
194,21.0,2014_BRP_CCB_S1038_Dep23_20140131_AM0269_AM00000,2014-02-21,acoustic
195,21.0,2014_BRP_CCB_S1038_Dep23_20140131_AM0269_AM00000,2014-02-22,acoustic
196,21.0,2014_BRP_CCB_S1038_Dep23_20140131_AM0269_AM00000,2014-02-23,acoustic
197,21.0,2014_BRP_CCB_S1038_Dep23_20140131_AM0269_AM00000,2014-02-24,acoustic
198,21.0,2014_BRP_CCB_S1038_Dep23_20140131_AM0269_AM00000,2014-02-25,acoustic
199,21.0,2014_BRP_CCB_S1038_Dep23_20140131_AM0269_AM00000,2014-02-26,acoustic
200,21.0,2014_BRP_CCB_S1038_Dep23_20140131_AM0269_AM00000,2014-02-27,acoustic
201,21.0,2014_BRP_CCB_S1038_Dep23_20140131_AM0269_AM00000,2014-02-28,acoustic
202,21.0,2014_BRP_CCB_S1038_Dep23_20140131_AM0269_AM00000,2014-03-01,acoustic
203,21.0,2014_BRP_CCB_S1038_Dep23_20140131_AM0269_AM00000,2014-03-02,acoustic
204,21.0,2014_BRP_CCB_S1038_Dep23_20140131_AM0269_AM00000,2014-03-03,acoustic
205,21.0,2014_BRP_CCB_S1038_Dep23_20140131_AM0269_AM00000,2014-03-04,acoustic
206,21.0,2014_BRP_CCB_S1038_Dep23_20140131_AM0269_AM00000,2014-03-05,acoustic
207,21.0,2014_BRP_CCB_S1038_Dep23_20140131_AM0269_AM00000,2014-03-06,acoustic
208,21.0,2014_BRP_CCB_S1038_Dep23_20140131_AM0269_AM00000,2014-03-07,acoustic
209,21.0,2014_BRP_CCB_S1038_Dep23_20140131_AM0269_AM00000,2014-03-08,acoustic
210,21.0,2014_BRP_CCB_S1038_Dep23_20140131_AM0269_AM00000,2014-03-09,acoustic
211,21.0,2014_BRP_CCB_S1038_Dep23_20140131_AM0269_AM00000,2014-03-10,acoustic
212,21.0,2014_BRP_CCB_S1038_Dep23_20140131_AM0269_AM00000,2014-03-11,acoustic
213,21.0,2014_BRP_CCB_S1038_Dep23_20140131_AM0269_AM00000,2014-03-12,acoustic
214,21.0,2014_BRP_CCB_S1038_Dep23_20140131_AM0269_AM00000,2014-03-13,acoustic
215,21.0,2014_BRP_CCB_S1038_Dep23_20140131_AM0269_AM00000,2014-03-14,acoustic
216,21.0,2014_BRP_CCB_S1038_Dep23_20140131_AM0269_AM00000,2014-03-15,acoustic
217,21.0,2014_BRP_CCB_S1038_Dep23_20140131_AM0269_AM00000,2014-03-16,acoustic
218,21.0,2014_BRP_CCB_S1038_Dep23_20140131_AM0269_AM00000,2014-03-17,acoustic
219,21.0,2014_BRP_CCB_S1038_Dep23_20140131_AM0269_AM00000,2014-03-18,acoustic
220,21.0,2014_BRP_CCB_S1038_Dep23_20140131_AM0269_AM00000,2014-03-19,acoustic
221,21.0,2014_BRP_CCB_S1038_Dep23_20140131_AM0269_AM00000,2014-03-20,acoustic
222,21.0,2014_BRP_CCB_S1038_Dep23_20140131_AM0269_AM00000,2014-03-21,acoustic
223,21.0,2014_BRP_CCB_S1038_Dep23_20140131_AM0269_AM00000,2014-03-22,acoustic
224,21.0,2014_BRP_CCB_S1038_Dep23_20140131_AM0269_AM00000,2014-03-23,acoustic
225,21.0,2014_BRP_CCB_S1038_Dep23_20140131_AM0269_AM00000,2014-03-24,acoustic
226,21.0,2014_BRP_CCB_S1038_Dep23_20140131_AM0269_AM00000,2014-03-25,acoustic
227,21.0,2014_BRP_CCB_S1038_Dep23_20140131_AM0269_AM00000,2014-03-26,acoustic
228,21.0,2014_BRP_CCB_S1038_Dep23_20140131_AM0269_AM00000,2014-03-27,acoustic
229,21.0,2014_BRP_CCB_S1038_Dep23_20140131_AM0269_AM00000,2014-03-28,acoustic
230,21.0,2014_BRP_CCB_S1038_Dep23_20140131_AM0269_AM00000,2014-03-29,acoustic
231,21.0,2014_BRP_CCB_S1038_Dep23_20140131_AM0269_AM00000,2014-03-30,acoustic
232,21.0,2014_BRP_CCB_S1038_Dep23_20140131_AM0269_AM00000,2014-03-31,acoustic
233,21.0,2014_BRP_CCB_S1038_Dep23_20140131_AM0269_AM00000,2014-04-01,acoustic
234,21.0,2014_BRP_CCB_S1038_Dep23_20140131_AM0269_AM00000,2014-04-02,acoustic
235,21.0,2014_BRP_CCB_S1038_Dep23_20140131_AM0269_AM00000,2014-04-03,acoustic
236,21.0,2014_BRP_CCB_S1038_Dep23_20140131_AM0269_AM00000,2014-04-04,acoustic
237,21.0,2014_BRP_CCB_S1038_Dep23_20140131_AM0269_AM00000,2014-04-05,acoustic
238,21.0,2014_BRP_CCB_S1038_Dep23_20140131_AM0269_AM00000,2014-04-06,acoustic
239,21.0,2014_BRP_CCB_S1038_Dep23_20140131_AM0269_AM00000,2014-04-07,acoustic
240,21.0,2014_BRP_CCB_S1038_Dep23_20140131_AM0269_AM00000,2014-04-08,acoustic
241,21.0,2014_BRP_CCB_S1038_Dep23_20140131_AM0269_AM00000,2014-04-09,acoustic
242,21.0,2014_BRP_CCB_S1038_Dep23_20140131_AM0269_AM00000,2014-04-10,acoustic
243,21.0,2014_BRP_CCB_S1038_Dep23_20140131_AM0269_AM00000,2014-04-11,acoustic
244,21.0,2014_BRP_CCB_S1038_Dep23_20140131_AM0269_AM00000,2014-04-12,acoustic
245,21.0,2014_BRP_CCB_S1038_Dep23_20140131_AM0269_AM00000,2014-04-13,acoustic
246,21.0,2014_BRP_CCB_S1038_Dep23_20140131_AM0269_AM00000,2014-04-14,acoustic
247,21.0,2014_BRP_CCB_S1038_Dep23_20140131_AM0269_AM00000,2014-04-15,acoustic
248,21.0,2014_BRP_CCB_S1038_Dep23_20140131_AM0269_AM00000,2014-04-16,acoustic
249,21.0,2014_BRP_CCB_S1038_Dep23_20140131_AM0269_AM00000,2014-04-17,acoustic
250,21.0,2014_BRP_CCB_S1038_Dep23_20140131_AM0269_AM00000,2014-04-18,acoustic
251,21.0,2014_BRP_CCB_S1038_Dep23_20140131_AM0269_AM00000,2014-04-19,acoustic
252,21.0,2014_BRP_CCB_S1038_Dep23_20140131_AM0269_AM00000,2014-04-20,acoustic
253,21.0,2014_BRP_CCB_S1038_Dep23_20140131_AM0269_AM00000,2014-04-21,acoustic
254,21.0,2014_BRP_CCB_S1038_Dep23_20140131_AM0269_AM00000,2014-04-22,acoustic
255,21.0,2014_BRP_CCB_S1038_Dep23_20140131_AM0269_AM00000,2014-04-23,acoustic
256,21.0,2014_BRP_CCB_S1038_Dep23_20140131_AM0269_AM00000,2014-04-24,acoustic
257,21.0,2014_BRP_CCB_S1038_Dep23_20140131_AM0269_AM00000,2014-04-25,acoustic
258,21.0,2014_BRP_CCB_S1038_Dep23_20140131_AM0269_AM00000,2014-04-26,acoustic
259,21.0,2014_BRP_CCB_S1038_Dep23_20140131_AM0269_AM00000,2014-04-27,acoustic
260,21.0,2014_BRP_CCB_S1038_Dep23_20140131_AM0269_AM00000,2014-04-28,acoustic
261,21.0,2014_BRP_CCB_S1038_Dep23_20140131_AM0269_AM00000,2014-04-29,acoustic
262,21.0,2014_BRP_CCB_S1038_Dep23_20140131_AM0269_AM00000,2014-04-30,acoustic
263,21.0,2014_BRP_CCB_S1038_Dep23_20140131_AM0269_AM00000,2014-05-01,acoustic
264,21.0,2014_BRP_CCB_S1038_Dep23_20140131_AM0269_AM00000,2014-05-02,acoustic
265,21.0,2014_BRP_CCB_S1038_Dep23_20140131_AM0269_AM00000,2014-05-03,acoustic
266,21.0,2014_BRP_CCB_S1038_Dep23_20140131_AM0269_AM00000,2014-05-04,acoustic
267,21.0,2014_BRP_CCB_S1038_Dep23_20140131_AM0269_AM00000,2014-05-05,acoustic
268,21.0,2014_BRP_CCB_S1038_Dep23_20140131_AM0269_AM00000,2014-05-06,acoustic
269,21.0,2014_BRP_CCB_S1038_Dep23_20140131_AM0269_AM00000,2014-05-07,acoustic
270,21.0,2014_BRP_CCB_S1038_Dep23_20140131_AM0269_AM00000,2014-05-08,acoustic
271,21.0,2014_BRP_CCB_S1038_Dep23_20140131_AM0269_AM00000,2014-05-09,acoustic
272,21.0,2014_BRP_CCB_S1038_Dep23_20140131_AM0269_AM00000,2014-05-10,acoustic
273,21.0,2014_BRP_CCB_S1038_Dep23_20140131_AM0269_AM00000,2014-05-11,acoustic
274,21.0,2014_BRP_CCB_S1038_Dep23_20140131_AM0269_AM00000,2014-05-12,acoustic
275,21.0,2014_BRP_CCB_S1038_Dep23_20140131_AM0269_AM00000,2014-05-13,acoustic
276,21.0,2014_BRP_CCB_S1038_Dep23_20140131_AM0269_AM00000,2014-05-14,acoustic
277,21.0,2014_BRP_CCB_S1038_Dep23_20140131_AM0269_AM00000,2014-05-15,acoustic
278,21.0,2014_BRP_CCB_S1038_Dep23_20140131_AM0269_AM00000,2014-05-16,acoustic
279,21.0,2014_BRP_CCB_S1038_Dep23_20140131_AM0269_AM00000,2014-05-17,acoustic
280,22.0,2015_BRP_CCB_S1059_Dep24_20150217_PU0148_FD02640,2015-02-17,acoustic
281,22.0,2015_BRP_CCB_S1059_Dep24_20150217_PU0148_FD02640,2015-02-18,acoustic
282,22.0,2015_BRP_CCB_S1059_Dep24_20150217_PU0148_FD02640,2015-02-19,acoustic
283,22.0,2015_BRP_CCB_S1059_Dep24_20150217_PU0148_FD02640,2015-02-20,acoustic
284,22.0,2015_BRP_CCB_S1059_Dep24_20150217_PU0148_FD02640,2015-02-21,acoustic
285,22.0,2015_BRP_CCB_S1059_Dep24_20150217_PU0148_FD02640,2015-02-22,acoustic
286,22.0,2015_BRP_CCB_S1059_Dep24_20150217_PU0148_FD02640,2015-02-23,acoustic
287,22.0,2015_BRP_CCB_S1059_Dep24_20150217_PU0148_FD02640,2015-02-24,acoustic
288,22.0,2015_BRP_CCB_S1059_Dep24_20150217_PU0148_FD02640,2015-02-25,acoustic
289,22.0,2015_BRP_CCB_S1059_Dep24_20150217_PU0148_FD02640,2015-02-26,acoustic
290,22.0,2015_BRP_CCB_S1059_Dep24_20150217_PU0148_FD02640,2015-02-27,acoustic
291,22.0,2015_BRP_CCB_S1059_Dep24_20150217_PU0148_FD02640,2015-02-28,acoustic
292,22.0,2015_BRP_CCB_S1059_Dep24_20150217_PU0148_FD02640,2015-03-01,acoustic
293,22.0,2015_BRP_CCB_S1059_Dep24_20150217_PU0148_FD02640,2015-03-02,acoustic
294,22.0,2015_BRP_CCB_S1059_Dep24_20150217_PU0148_FD02640,2015-03-03,acoustic
295,22.0,2015_BRP_CCB_S1059_Dep24_20150217_PU0148_FD02640,2015-03-04,acoustic
296,22.0,2015_BRP_CCB_S1059_Dep24_20150217_PU0148_FD02640,2015-03-05,acoustic
297,22.0,2015_BRP_CCB_S1059_Dep24_20150217_PU0148_FD02640,2015-03-06,acoustic
298,22.0,2015_BRP_CCB_S1059_Dep24_20150217_PU0148_FD02640,2015-03-07,acoustic
299,22.0,2015_BRP_CCB_S1059_Dep24_20150217_PU0148_FD02640,2015-03-08,acoustic
300,22.0,2015_BRP_CCB_S1059_Dep24_20150217_PU0148_FD02640,2015-03-09,acoustic
301,22.0,2015_BRP_CCB_S1059_Dep24_20150217_PU0148_FD02640,2015-03-10,acoustic
302,22.0,2015_BRP_CCB_S1059_Dep24_20150217_PU0148_FD02640,2015-03-11,acoustic
303,22.0,2015_BRP_CCB_S1059_Dep24_20150217_PU0148_FD02640,2015-03-12,acoustic
304,22.0,2015_BRP_CCB_S1059_Dep24_20150217_PU0148_FD02640,2015-03-13,acoustic
305,22.0,2015_BRP_CCB_S1059_Dep24_20150217_PU0148_FD02640,2015-03-14,acoustic
306,22.0,2015_BRP_CCB_S1059_Dep24_20150217_PU0148_FD02640,2015-03-15,acoustic
307,22.0,2015_BRP_CCB_S1059_Dep24_20150217_PU0148_FD02640,2015-03-16,acoustic
308,22.0,2015_BRP_CCB_S1059_Dep24_20150217_PU0148_FD02640,2015-03-17,acoustic
309,22.0,2015_BRP_CCB_S1059_Dep24_20150217_PU0148_FD02640,2015-03-18,acoustic
310,22.0,2015_BRP_CCB_S1059_Dep24_20150217_PU0148_FD02640,2015-03-19,acoustic
311,22.0,2015_BRP_CCB_S1059_Dep24_20150217_PU0148_FD02640,2015-03-20,acoustic
312,22.0,2015_BRP_CCB_S1059_Dep24_20150217_PU0148_FD02640,2015-03-21,acoustic
313,22.0,2015_BRP_CCB_S1059_Dep24_20150217_PU0148_FD02640,2015-03-22,acoustic
314,22.0,2015_BRP_CCB_S1059_Dep24_20150217_PU0148_FD02640,2015-03-23,acoustic
315,22.0,2015_BRP_CCB_S1059_Dep24_20150217_PU0148_FD02640,2015-03-24,acoustic
316,22.0,2015_BRP_CCB_S1059_Dep24_20150217_PU0148_FD02640,2015-03-25,acoustic
317,22.0,2015_BRP_CCB_S1059_Dep24_20150217_PU0148_FD02640,2015-03-26,acoustic
318,22.0,2015_BRP_CCB_S1059_Dep24_20150217_PU0148_FD02640,2015-03-27,acoustic
319,22.0,2015_BRP_CCB_S1059_Dep24_20150217_PU0148_FD02640,2015-03-28,acoustic
320,22.0,2015_BRP_CCB_S1059_Dep24_20150217_PU0148_FD02640,2015-03-29,acoustic
321,22.0,2015_BRP_CCB_S1059_Dep24_20150217_PU0148_FD02640,2015-03-30,acoustic
322,22.0,2015_BRP_CCB_S1059_Dep24_20150217_PU0148_FD02640,2015-03-31,acoustic
323,22.0,2015_BRP_CCB_S1059_Dep24_20150217_PU0148_FD02640,2015-04-01,acoustic
324,22.0,2015_BRP_CCB_S1059_Dep24_20150217_PU0148_FD02640,2015-04-02,acoustic
325,22.0,2015_BRP_CCB_S1059_Dep24_20150217_PU0148_FD02640,2015-04-03,acoustic
326,22.0,2015_BRP_CCB_S1059_Dep24_20150217_PU0148_FD02640,2015-04-04,acoustic
327,22.0,2015_BRP_CCB_S1059_Dep24_20150217_PU0148_FD02640,2015-04-05,acoustic
328,22.0,2015_BRP_CCB_S1059_Dep24_20150217_PU0148_FD02640,2015-04-06,acoustic
329,22.0,2015_BRP_CCB_S1059_Dep24_20150217_PU0148_FD02640,2015-04-07,acoustic
330,22.0,2015_BRP_CCB_S1059_Dep24_20150217_PU0148_FD02640,2015-04-08,acoustic
331,22.0,2015_BRP_CCB_S1059_Dep24_20150217_PU0148_FD02640,2015-04-09,acoustic
332,22.0,2015_BRP_CCB_S1059_Dep24_20150217_PU0148_FD02640,2015-04-10,acoustic
333,22.0,2015_BRP_CCB_S1059_Dep24_20150217_PU0148_FD02640,2015-04-11,acoustic
334,22.0,2015_BRP_CCB_S1059_Dep24_20150217_PU0148_FD02640,2015-04-12,acoustic
335,22.0,2015_BRP_CCB_S1059_Dep24_20150217_PU0148_FD02640,2015-04-13,acoustic
336,22.0,2015_BRP_CCB_S1059_Dep24_20150217_PU0148_FD02640,2015-04-14,acoustic
337,22.0,2015_BRP_CCB_S1059_Dep24_20150217_PU0148_FD02640,2015-04-15,acoustic
338,22.0,2015_BRP_CCB_S1059_Dep24_20150217_PU0148_FD02640,2015-04-16,acoustic
339,22.0,2015_BRP_CCB_S1059_Dep24_20150217_PU0148_FD02640,2015-04-17,acoustic
340,22.0,2015_BRP_CCB_S1059_Dep24_20150217_PU0148_FD02640,2015-04-18,acoustic
341,22.0,2015_BRP_CCB_S1059_Dep24_20150217_PU0148_FD02640,2015-04-19,acoustic
342,22.0,2015_BRP_CCB_S1059_Dep24_20150217_PU0148_FD02640,2015-04-20,acoustic
343,22.0,2015_BRP_CCB_S1059_Dep24_20150217_PU0148_FD02640,2015-04-21,acoustic
344,22.0,2015_BRP_CCB_S1059_Dep24_20150217_PU0148_FD02640,2015-04-22,acoustic
345,22.0,2015_BRP_CCB_S1059_Dep24_20150217_PU0148_FD02640,2015-04-23,acoustic
346,22.0,2015_BRP_CCB_S1059_Dep24_20150217_PU0148_FD02640,2015-04-24,acoustic
347,22.0,2015_BRP_CCB_S1059_Dep24_20150217_PU0148_FD02640,2015-04-25,acoustic
348,22.0,2015_BRP_CCB_S1059_Dep24_20150217_PU0148_FD02640,2015-04-26,acoustic
349,22.0,2015_BRP_CCB_S1059_Dep24_20150217_PU0148_FD02640,2015-04-27,acoustic
350,22.0,2015_BRP_CCB_S1059_Dep24_20150217_PU0148_FD02640,2015-04-28,acoustic
351,22.0,2015_BRP_CCB_S1059_Dep24_20150217_PU0148_FD02640,2015-04-29,acoustic
352,22.0,2015_BRP_CCB_S1059_Dep24_20150217_PU0148_FD02640,2015-04-30,acoustic
353,22.0,2015_BRP_CCB_S1059_Dep24_20150217_PU0148_FD02640,2015-05-01,acoustic
354,22.0,2015_BRP_CCB_S1059_Dep24_20150217_PU0148_FD02640,2015-05-02,acoustic
355,22.0,2015_BRP_CCB_S1059_Dep24_20150217_PU0148_FD02640,2015-05-03,acoustic
356,22.0,2015_BRP_CCB_S1059_Dep24_20150217_PU0148_FD02640,2015-05-04,acoustic
357,22.0,2015_BRP_CCB_S1059_Dep24_20150217_PU0148_FD02640,2015-05-05,acoustic
358,22.0,2015_BRP_CCB_S1059_Dep24_20150217_PU0148_FD02640,2015-05-06,acoustic
359,22.0,2015_BRP_CCB_S1059_Dep24_20150217_PU0148_FD02640,2015-05-07,acoustic
360,22.0,2015_BRP_CCB_S1059_Dep24_20150217_PU0148_FD02640,2015-05-08,acoustic
361,22.0,2015_BRP_CCB_S1059_Dep24_20150217_PU0148_FD02640,2015-05-09,acoustic
362,22.0,2015_BRP_CCB_S1059_Dep24_20150217_PU0148_FD02640,2015-05-10,acoustic
363,22.0,2015_BRP_CCB_S1059_Dep24_20150217_PU0148_FD02640,2015-05-11,acoustic
364,22.0,2015_BRP_CCB_S1059_Dep24_20150217_PU0148_FD02640,2015-05-12,acoustic
365,22.0,2015_BRP_CCB_S1059_Dep24_20150217_PU0148_FD02640,2015-05-13,acoustic
366,22.0,2015_BRP_CCB_S1059_Dep24_20150217_PU0148_FD02640,2015-05-14,acoustic
367,22.0,2015_BRP_CCB_S1059_Dep24_20150217_PU0148_FD02640,2015-05-15,acoustic
368,22.0,2015_BRP_CCB_S1059_Dep24_20150217_PU0148_FD02640,2015-05-16,acoustic
369,22.0,2015_BRP_CCB_S1059_Dep24_20150217_PU0148_FD02640,2015-05-17,acoustic
370,22.0,2015_BRP_CCB_S1059_Dep24_20150217_PU0148_FD02640,2015-05-18,acoustic
371,22.0,2015_BRP_CCB_S1059_Dep24_20150217_PU0148_FD02640,2015-05-19,acoustic
372,22.0,2015_BRP_CCB_S1059_Dep24_20150217_PU0148_FD02640,2015-05-20,acoustic
373,22.0,2015_BRP_CCB_S1059_Dep24_20150217_PU0148_FD02640,2015-05-21,acoustic
374,26.0,2016_BRP_CCB_S1060_Dep25_20160214_PU0163_FD02810,2016-02-15,acoustic
375,26.0,2016_BRP_CCB_S1060_Dep25_20160214_PU0163_FD02810,2016-02-16,acoustic
376,26.0,2016_BRP_CCB_S1060_Dep25_20160214_PU0163_FD02810,2016-02-17,acoustic
377,26.0,2016_BRP_CCB_S1060_Dep25_20160214_PU0163_FD02810,2016-02-18,acoustic
378,26.0,2016_BRP_CCB_S1060_Dep25_20160214_PU0163_FD02810,2016-02-19,acoustic
379,26.0,2016_BRP_CCB_S1060_Dep25_20160214_PU0163_FD02810,2016-02-20,acoustic
380,26.0,2016_BRP_CCB_S1060_Dep25_20160214_PU0163_FD02810,2016-02-21,acoustic
381,26.0,2016_BRP_CCB_S1060_Dep25_20160214_PU0163_FD02810,2016-02-22,acoustic
382,26.0,2016_BRP_CCB_S1060_Dep25_20160214_PU0163_FD02810,2016-02-23,acoustic
383,26.0,2016_BRP_CCB_S1060_Dep25_20160214_PU0163_FD02810,2016-02-24,acoustic
384,26.0,2016_BRP_CCB_S1060_Dep25_20160214_PU0163_FD02810,2016-02-25,acoustic
385,26.0,2016_BRP_CCB_S1060_Dep25_20160214_PU0163_FD02810,2016-02-26,acoustic
386,26.0,2016_BRP_CCB_S1060_Dep25_20160214_PU0163_FD02810,2016-02-27,acoustic
387,26.0,2016_BRP_CCB_S1060_Dep25_20160214_PU0163_FD02810,2016-02-28,acoustic
388,26.0,2016_BRP_CCB_S1060_Dep25_20160214_PU0163_FD02810,2016-02-29,acoustic
389,26.0,2016_BRP_CCB_S1060_Dep25_20160214_PU0163_FD02810,2016-03-01,acoustic
390,26.0,2016_BRP_CCB_S1060_Dep25_20160214_PU0163_FD02810,2016-03-02,acoustic
391,26.0,2016_BRP_CCB_S1060_Dep25_20160214_PU0163_FD02810,2016-03-03,acoustic
392,26.0,2016_BRP_CCB_S1060_Dep25_20160214_PU0163_FD02810,2016-03-04,acoustic
393,26.0,2016_BRP_CCB_S1060_Dep25_20160214_PU0163_FD02810,2016-03-05,acoustic
394,26.0,2016_BRP_CCB_S1060_Dep25_20160214_PU0163_FD02810,2016-03-06,acoustic
395,26.0,2016_BRP_CCB_S1060_Dep25_20160214_PU0163_FD02810,2016-03-07,acoustic
396,26.0,2016_BRP_CCB_S1060_Dep25_20160214_PU0163_FD02810,2016-03-08,acoustic
397,26.0,2016_BRP_CCB_S1060_Dep25_20160214_PU0163_FD02810,2016-03-09,acoustic
398,26.0,2016_BRP_CCB_S1060_Dep25_20160214_PU0163_FD02810,2016-03-10,acoustic
399,26.0,2016_BRP_CCB_S1060_Dep25_20160214_PU0163_FD02810,2016-03-11,acoustic
400,26.0,2016_BRP_CCB_S1060_Dep25_20160214_PU0163_FD02810,2016-03-12,acoustic
401,26.0,2016_BRP_CCB_S1060_Dep25_20160214_PU0163_FD02810,2016-03-13,acoustic
402,26.0,2016_BRP_CCB_S1060_Dep25_20160214_PU0163_FD02810,2016-03-14,acoustic
403,26.0,2016_BRP_CCB_S1060_Dep25_20160214_PU0163_FD02810,2016-03-15,acoustic
404,26.0,2016_BRP_CCB_S1060_Dep25_20160214_PU0163_FD02810,2016-03-16,acoustic
405,26.0,2016_BRP_CCB_S1060_Dep25_20160214_PU0163_FD02810,2016-03-17,acoustic
406,26.0,2016_BRP_CCB_S1060_Dep25_20160214_PU0163_FD02810,2016-03-18,acoustic
407,26.0,2016_BRP_CCB_S1060_Dep25_20160214_PU0163_FD02810,2016-03-19,acoustic
408,26.0,2016_BRP_CCB_S1060_Dep25_20160214_PU0163_FD02810,2016-03-20,acoustic
409,26.0,2016_BRP_CCB_S1060_Dep25_20160214_PU0163_FD02810,2016-03-21,acoustic
410,26.0,2016_BRP_CCB_S1060_Dep25_20160214_PU0163_FD02810,2016-03-22,acoustic
411,26.0,2016_BRP_CCB_S1060_Dep25_20160214_PU0163_FD02810,2016-03-23,acoustic
412,26.0,2016_BRP_CCB_S1060_Dep25_20160214_PU0163_FD02810,2016-03-24,acoustic
413,26.0,2016_BRP_CCB_S1060_Dep25_20160214_PU0163_FD02810,2016-03-25,acoustic
414,26.0,2016_BRP_CCB_S1060_Dep25_20160214_PU0163_FD02810,2016-03-26,acoustic
415,26.0,2016_BRP_CCB_S1060_Dep25_20160214_PU0163_FD02810,2016-03-27,acoustic
416,26.0,2016_BRP_CCB_S1060_Dep25_20160214_PU0163_FD02810,2016-03-28,acoustic
417,26.0,2016_BRP_CCB_S1060_Dep25_20160214_PU0163_FD02810,2016-03-29,acoustic
418,26.0,2016_BRP_CCB_S1060_Dep25_20160214_PU0163_FD02810,2016-03-30,acoustic
419,26.0,2016_BRP_CCB_S1060_Dep25_20160214_PU0163_FD02810,2016-03-31,acoustic
420,26.0,2016_BRP_CCB_S1060_Dep25_20160214_PU0163_FD02810,2016-04-01,acoustic
421,26.0,2016_BRP_CCB_S1060_Dep25_20160214_PU0163_FD02810,2016-04-02,acoustic
422,26.0,2016_BRP_CCB_S1060_Dep25_20160214_PU0163_FD02810,2016-04-03,acoustic
423,26.0,2016_BRP_CCB_S1060_Dep25_20160214_PU0163_FD02810,2016-04-04,acoustic
424,26.0,2016_BRP_CCB_S1060_Dep25_20160214_PU0163_FD02810,2016-04-05,acoustic
425,26.0,2016_BRP_CCB_S1060_Dep25_20160214_PU0163_FD02810,2016-04-06,acoustic
426,26.0,2016_BRP_CCB_S1060_Dep25_20160214_PU0163_FD02810,2016-04-07,acoustic
427,26.0,2016_BRP_CCB_S1060_Dep25_20160214_PU0163_FD02810,2016-04-08,acoustic
428,26.0,2016_BRP_CCB_S1060_Dep25_20160214_PU0163_FD02810,2016-04-09,acoustic
429,26.0,2016_BRP_CCB_S1060_Dep25_20160214_PU0163_FD02810,2016-04-10,acoustic
430,26.0,2016_BRP_CCB_S1060_Dep25_20160214_PU0163_FD02810,2016-04-11,acoustic
431,26.0,2016_BRP_CCB_S1060_Dep25_20160214_PU0163_FD02810,2016-04-12,acoustic
432,26.0,2016_BRP_CCB_S1060_Dep25_20160214_PU0163_FD02810,2016-04-13,acoustic
433,26.0,2016_BRP_CCB_S1060_Dep25_20160214_PU0163_FD02810,2016-04-14,acoustic
434,26.0,2016_BRP_CCB_S1060_Dep25_20160214_PU0163_FD02810,2016-04-15,acoustic
435,26.0,2016_BRP_CCB_S1060_Dep25_20160214_PU0163_FD02810,2016-04-16,acoustic
436,26.0,2016_BRP_CCB_S1060_Dep25_20160214_PU0163_FD02810,2016-04-17,acoustic
437,26.0,2016_BRP_CCB_S1060_Dep25_20160214_PU0163_FD02810,2016-04-18,acoustic
438,26.0,2016_BRP_CCB_S1060_Dep25_20160214_PU0163_FD02810,2016-04-19,acoustic
439,26.0,2016_BRP_CCB_S1060_Dep25_20160214_PU0163_FD02810,2016-04-20,acoustic
440,26.0,2016_BRP_CCB_S1060_Dep25_20160214_PU0163_FD02810,2016-04-21,acoustic
441,26.0,2016_BRP_CCB_S1060_Dep25_20160214_PU0163_FD02810,2016-04-22,acoustic
442,26.0,2016_BRP_CCB_S1060_Dep25_20160214_PU0163_FD02810,2016-04-23,acoustic
443,26.0,2016_BRP_CCB_S1060_Dep25_20160214_PU0163_FD02810,2016-04-24,acoustic
444,26.0,2016_BRP_CCB_S1060_Dep25_20160214_PU0163_FD02810,2016-04-25,acoustic
445,26.0,2016_BRP_CCB_S1060_Dep25_20160214_PU0163_FD02810,2016-04-26,acoustic
446,26.0,2016_BRP_CCB_S1060_Dep25_20160214_PU0163_FD02810,2016-04-27,acoustic
447,26.0,2016_BRP_CCB_S1060_Dep25_20160214_PU0163_FD02810,2016-04-28,acoustic
448,26.0,2016_BRP_CCB_S1060_Dep25_20160214_PU0163_FD02810,2016-04-29,acoustic
449,26.0,2016_BRP_CCB_S1060_Dep25_20160214_PU0163_FD02810,2016-04-30,acoustic
450,26.0,2016_BRP_CCB_S1060_Dep25_20160214_PU0163_FD02810,2016-05-01,acoustic
451,26.0,2016_BRP_CCB_S1060_Dep25_20160214_PU0163_FD02810,2016-05-02,acoustic
452,26.0,2016_BRP_CCB_S1060_Dep25_20160214_PU0163_FD02810,2016-05-03,acoustic
453,26.0,2016_BRP_CCB_S1060_Dep25_20160214_PU0163_FD02810,2016-05-04,acoustic
454,26.0,2016_BRP_CCB_S1060_Dep25_20160214_PU0163_FD02810,2016-05-05,acoustic
455,26.0,2016_BRP_CCB_S1060_Dep25_20160214_PU0163_FD02810,2016-05-06,acoustic
456,26.0,2016_BRP_CCB_S1060_Dep25_20160214_PU0163_FD02810,2016-05-07,acoustic
457,26.0,2016_BRP_CCB_S1060_Dep25_20160214_PU0163_FD02810,2016-05-08,acoustic
458,26.0,2016_BRP_CCB_S1060_Dep25_20160214_PU0163_FD02810,2016-05-09,acoustic
459,26.0,2016_BRP_CCB_S1060_Dep25_20160214_PU0163_FD02810,2016-05-10,acoustic
460,26.0,2016_BRP_CCB_S1060_Dep25_20160214_PU0163_FD02810,2016-05-11,acoustic
461,26.0,2016_BRP_CCB_S1060_Dep25_20160214_PU0163_FD02810,2016-05-12,acoustic
462,26.0,2016_BRP_CCB_S1060_Dep25_20160214_PU0163_FD02810,2016-05-13,acoustic
463,26.0,2016_BRP_CCB_S1060_Dep25_20160214_PU0163_FD02810,2016-05-14,acoustic
464,26.0,2016_BRP_CCB_S1060_Dep25_20160214_PU0163_FD02810,2016-05-15,acoustic
465,26.0,2016_BRP_CCB_S1060_Dep25_20160214_PU0163_FD02810,2016-05-16,acoustic
466,26.0,2016_BRP_CCB_S1060_Dep25_20160214_PU0163_FD02810,2016-05-17,acoustic
467,26.0,2016_BRP_CCB_S1060_Dep25_20160214_PU0163_FD02810,2016-05-18,acoustic
468,26.0,2016_BRP_CCB_S1060_Dep25_20160214_PU0163_FD02810,2016-05-19,acoustic
469,26.0,2016_BRP_CCB_S1060_Dep25_20160214_PU0163_FD02810,2016-05-20,acoustic
470,26.0,2016_BRP_CCB_S1060_Dep25_20160214_PU0163_FD02810,2016-05-21,acoustic
471,26.0,2016_BRP_CCB_S1060_Dep25_20160214_PU0163_FD02810,2016-05-22,acoustic
472,26.0,2016_BRP_CCB_S1060_Dep25_20160214_PU0163_FD02810,2016-05-23,acoustic
473,26.0,2016_BRP_CCB_S1060_Dep25_20160214_PU0163_FD02810,2016-05-24,acoustic
474,26.0,2016_BRP_CCB_S1060_Dep25_20160214_PU0163_FD02810,2016-05-25,acoustic
475,30.0,2017_BRP_CCB_S1073_Dep26_20170219_PU0100_FD02990_CCB,2017-02-21,acoustic
476,30.0,2017_BRP_CCB_S1073_Dep26_20170219_PU0100_FD02990_CCB,2017-02-22,acoustic
477,30.0,2017_BRP_CCB_S1073_Dep26_20170219_PU0100_FD02990_CCB,2017-02-23,acoustic
478,30.0,2017_BRP_CCB_S1073_Dep26_20170219_PU0100_FD02990_CCB,2017-02-24,acoustic
479,30.0,2017_BRP_CCB_S1073_Dep26_20170219_PU0100_FD02990_CCB,2017-02-25,acoustic
480,30.0,2017_BRP_CCB_S1073_Dep26_20170219_PU0100_FD02990_CCB,2017-02-26,acoustic
481,30.0,2017_BRP_CCB_S1073_Dep26_20170219_PU0100_FD02990_CCB,2017-02-27,acoustic
482,30.0,2017_BRP_CCB_S1073_Dep26_20170219_PU0100_FD02990_CCB,2017-02-28,acoustic
483,30.0,2017_BRP_CCB_S1073_Dep26_20170219_PU0100_FD02990_CCB,2017-03-01,acoustic
484,30.0,2017_BRP_CCB_S1073_Dep26_20170219_PU0100_FD02990_CCB,2017-03-02,acoustic
485,30.0,2017_BRP_CCB_S1073_Dep26_20170219_PU0100_FD02990_CCB,2017-03-03,acoustic
486,30.0,2017_BRP_CCB_S1073_Dep26_20170219_PU0100_FD02990_CCB,2017-03-04,acoustic
487,30.0,2017_BRP_CCB_S1073_Dep26_20170219_PU0100_FD02990_CCB,2017-03-05,acoustic
488,30.0,2017_BRP_CCB_S1073_Dep26_20170219_PU0100_FD02990_CCB,2017-03-06,acoustic
489,30.0,2017_BRP_CCB_S1073_Dep26_20170219_PU0100_FD02990_CCB,2017-03-07,acoustic
490,30.0,2017_BRP_CCB_S1073_Dep26_20170219_PU0100_FD02990_CCB,2017-03-08,acoustic
491,30.0,2017_BRP_CCB_S1073_Dep26_20170219_PU0100_FD02990_CCB,2017-03-09,acoustic
492,30.0,2017_BRP_CCB_S1073_Dep26_20170219_PU0100_FD02990_CCB,2017-03-10,acoustic
493,30.0,2017_BRP_CCB_S1073_Dep26_20170219_PU0100_FD02990_CCB,2017-03-11,acoustic
494,30.0,2017_BRP_CCB_S1073_Dep26_20170219_PU0100_FD02990_CCB,2017-03-12,acoustic
495,30.0,2017_BRP_CCB_S1073_Dep26_20170219_PU0100_FD02990_CCB,2017-03-13,acoustic
496,30.0,2017_BRP_CCB_S1073_Dep26_20170219_PU0100_FD02990_CCB,2017-03-14,acoustic
497,30.0,2017_BRP_CCB_S1073_Dep26_20170219_PU0100_FD02990_CCB,2017-03-15,acoustic
498,30.0,2017_BRP_CCB_S1073_Dep26_20170219_PU0100_FD02990_CCB,2017-03-16,acoustic
499,30.0,2017_BRP_CCB_S1073_Dep26_20170219_PU0100_FD02990_CCB,2017-03-17,acoustic
500,30.0,2017_BRP_CCB_S1073_Dep26_20170219_PU0100_FD02990_CCB,2017-03-18,acoustic
501,30.0,2017_BRP_CCB_S1073_Dep26_20170219_PU0100_FD02990_CCB,2017-03-19,acoustic
502,30.0,2017_BRP_CCB_S1073_Dep26_20170219_PU0100_FD02990_CCB,2017-03-20,acoustic
503,30.0,2017_BRP_CCB_S1073_Dep26_20170219_PU0100_FD02990_CCB,2017-03-21,acoustic
504,30.0,2017_BRP_CCB_S1073_Dep26_20170219_PU0100_FD02990_CCB,2017-03-22,acoustic
505,30.0,2017_BRP_CCB_S1073_Dep26_20170219_PU0100_FD02990_CCB,2017-03-23,acoustic
506,30.0,2017_BRP_CCB_S1073_Dep26_20170219_PU0100_FD02990_CCB,2017-03-24,acoustic
507,30.0,2017_BRP_CCB_S1073_Dep26_20170219_PU0100_FD02990_CCB,2017-03-25,acoustic
508,30.0,2017_BRP_CCB_S1073_Dep26_20170219_PU0100_FD02990_CCB,2017-03-26,acoustic
509,30.0,2017_BRP_CCB_S1073_Dep26_20170219_PU0100_FD02990_CCB,2017-03-27,acoustic
510,30.0,2017_BRP_CCB_S1073_Dep26_20170219_PU0100_FD02990_CCB,2017-03-28,acoustic
511,30.0,2017_BRP_CCB_S1073_Dep26_20170219_PU0100_FD02990_CCB,2017-03-29,acoustic
512,30.0,2017_BRP_CCB_S1073_Dep26_20170219_PU0100_FD02990_CCB,2017-03-30,acoustic
513,30.0,2017_BRP_CCB_S1073_Dep26_20170219_PU0100_FD02990_CCB,2017-03-31,acoustic
514,30.0,2017_BRP_CCB_S1073_Dep26_20170219_PU0100_FD02990_CCB,2017-04-01,acoustic
515,30.0,2017_BRP_CCB_S1073_Dep26_20170219_PU0100_FD02990_CCB,2017-04-02,acoustic
516,30.0,2017_BRP_CCB_S1073_Dep26_20170219_PU0100_FD02990_CCB,2017-04-03,acoustic
517,30.0,2017_BRP_CCB_S1073_Dep26_20170219_PU0100_FD02990_CCB,2017-04-04,acoustic
518,30.0,2017_BRP_CCB_S1073_Dep26_20170219_PU0100_FD02990_CCB,2017-04-05,acoustic
519,30.0,2017_BRP_CCB_S1073_Dep26_20170219_PU0100_FD02990_CCB,2017-04-06,acoustic
520,30.0,2017_BRP_CCB_S1073_Dep26_20170219_PU0100_FD02990_CCB,2017-04-07,acoustic
521,30.0,2017_BRP_CCB_S1073_Dep26_20170219_PU0100_FD02990_CCB,2017-04-08,acoustic
522,30.0,2017_BRP_CCB_S1073_Dep26_20170219_PU0100_FD02990_CCB,2017-04-09,acoustic
523,30.0,2017_BRP_CCB_S1073_Dep26_20170219_PU0100_FD02990_CCB,2017-04-10,acoustic
524,30.0,2017_BRP_CCB_S1073_Dep26_20170219_PU0100_FD02990_CCB,2017-04-11,acoustic
525,30.0,2017_BRP_CCB_S1073_Dep26_20170219_PU0100_FD02990_CCB,2017-04-12,acoustic
526,30.0,2017_BRP_CCB_S1073_Dep26_20170219_PU0100_FD02990_CCB,2017-04-13,acoustic
527,30.0,2017_BRP_CCB_S1073_Dep26_20170219_PU0100_FD02990_CCB,2017-04-14,acoustic
528,30.0,2017_BRP_CCB_S1073_Dep26_20170219_PU0100_FD02990_CCB,2017-04-15,acoustic
529,30.0,2017_BRP_CCB_S1073_Dep26_20170219_PU0100_FD02990_CCB,2017-04-16,acoustic
530,30.0,2017_BRP_CCB_S1073_Dep26_20170219_PU0100_FD02990_CCB,2017-04-17,acoustic
531,30.0,2017_BRP_CCB_S1073_Dep26_20170219_PU0100_FD02990_CCB,2017-04-18,acoustic
532,30.0,2017_BRP_CCB_S1073_Dep26_20170219_PU0100_FD02990_CCB,2017-04-19,acoustic
533,30.0,2017_BRP_CCB_S1073_Dep26_20170219_PU0100_FD02990_CCB,2017-04-20,acoustic
534,30.0,2017_BRP_CCB_S1073_Dep26_20170219_PU0100_FD02990_CCB,2017-04-21,acoustic
535,30.0,2017_BRP_CCB_S1073_Dep26_20170219_PU0100_FD02990_CCB,2017-04-22,acoustic
536,30.0,2017_BRP_CCB_S1073_Dep26_20170219_PU0100_FD02990_CCB,2017-04-23,acoustic
537,30.0,2017_BRP_CCB_S1073_Dep26_20170219_PU0100_FD02990_CCB,2017-04-24,acoustic
538,30.0,2017_BRP_CCB_S1073_Dep26_20170219_PU0100_FD02990_CCB,2017-04-25,acoustic
539,30.0,2017_BRP_CCB_S1073_Dep26_20170219_PU0100_FD02990_CCB,2017-04-26,acoustic
540,30.0,2017_BRP_CCB_S1073_Dep26_20170219_PU0100_FD02990_CCB,2017-04-27,acoustic
541,30.0,2017_BRP_CCB_S1073_Dep26_20170219_PU0100_FD02990_CCB,2017-04-28,acoustic
542,30.0,2017_BRP_CCB_S1073_Dep26_20170219_PU0100_FD02990_CCB,2017-04-29,acoustic
543,30.0,2017_BRP_CCB_S1073_Dep26_20170219_PU0100_FD02990_CCB,2017-04-30,acoustic
544,30.0,2017_BRP_CCB_S1073_Dep26_20170219_PU0100_FD02990_CCB,2017-05-01,acoustic
545,30.0,2017_BRP_CCB_S1073_Dep26_20170219_PU0100_FD02990_CCB,2017-05-02,acoustic
546,30.0,2017_BRP_CCB_S1073_Dep26_20170219_PU0100_FD02990_CCB,2017-05-03,acoustic
547,30.0,2017_BRP_CCB_S1073_Dep26_20170219_PU0100_FD02990_CCB,2017-05-04,acoustic
548,30.0,2017_BRP_CCB_S1073_Dep26_20170219_PU0100_FD02990_CCB,2017-05-05,acoustic
549,30.0,2017_BRP_CCB_S1073_Dep26_20170219_PU0100_FD02990_CCB,2017-05-06,acoustic
550,30.0,2017_BRP_CCB_S1073_Dep26_20170219_PU0100_FD02990_CCB,2017-05-07,acoustic
551,30.0,2017_BRP_CCB_S1073_Dep26_20170219_PU0100_FD02990_CCB,2017-05-08,acoustic
552,30.0,2017_BRP_CCB_S1073_Dep26_20170219_PU0100_FD02990_CCB,2017-05-09,acoustic
553,30.0,2017_BRP_CCB_S1073_Dep26_20170219_PU0100_FD02990_CCB,2017-05-10,acoustic
554,30.0,2017_BRP_CCB_S1073_Dep26_20170219_PU0100_FD02990_CCB,2017-05-11,acoustic
555,30.0,2017_BRP_CCB_S1073_Dep26_20170219_PU0100_FD02990_CCB,2017-05-12,acoustic
556,30.0,2017_BRP_CCB_S1073_Dep26_20170219_PU0100_FD02990_CCB,2017-05-13,acoustic
557,30.0,2017_BRP_CCB_S1073_Dep26_20170219_PU0100_FD02990_CCB,2017-05-14,acoustic
558,30.0,2017_BRP_CCB_S1073_Dep26_20170219_PU0100_FD02990_CCB,2017-05-15,acoustic
559,30.0,2017_BRP_CCB_S1073_Dep26_20170219_PU0100_FD02990_CCB,2017-05-16,acoustic
560,34.0,2018_BRP_CCB_S1074_Dep27_20180213_PU0202_FD03186,2018-02-13,acoustic
561,34.0,2018_BRP_CCB_S1074_Dep27_20180213_PU0202_FD03186,2018-02-14,acoustic
562,34.0,2018_BRP_CCB_S1074_Dep27_20180213_PU0202_FD03186,2018-02-15,acoustic
563,34.0,2018_BRP_CCB_S1074_Dep27_20180213_PU0202_FD03186,2018-02-16,acoustic
564,34.0,2018_BRP_CCB_S1074_Dep27_20180213_PU0202_FD03186,2018-02-17,acoustic
565,34.0,2018_BRP_CCB_S1074_Dep27_20180213_PU0202_FD03186,2018-02-18,acoustic
566,34.0,2018_BRP_CCB_S1074_Dep27_20180213_PU0202_FD03186,2018-02-19,acoustic
567,34.0,2018_BRP_CCB_S1074_Dep27_20180213_PU0202_FD03186,2018-02-20,acoustic
568,34.0,2018_BRP_CCB_S1074_Dep27_20180213_PU0202_FD03186,2018-02-21,acoustic
569,34.0,2018_BRP_CCB_S1074_Dep27_20180213_PU0202_FD03186,2018-02-22,acoustic
570,34.0,2018_BRP_CCB_S1074_Dep27_20180213_PU0202_FD03186,2018-02-23,acoustic
571,34.0,2018_BRP_CCB_S1074_Dep27_20180213_PU0202_FD03186,2018-02-24,acoustic
572,34.0,2018_BRP_CCB_S1074_Dep27_20180213_PU0202_FD03186,2018-02-25,acoustic
573,34.0,2018_BRP_CCB_S1074_Dep27_20180213_PU0202_FD03186,2018-02-26,acoustic
574,34.0,2018_BRP_CCB_S1074_Dep27_20180213_PU0202_FD03186,2018-02-27,acoustic
575,34.0,2018_BRP_CCB_S1074_Dep27_20180213_PU0202_FD03186,2018-02-28,acoustic
576,34.0,2018_BRP_CCB_S1074_Dep27_20180213_PU0202_FD03186,2018-03-01,acoustic
577,34.0,2018_BRP_CCB_S1074_Dep27_20180213_PU0202_FD03186,2018-03-02,acoustic
578,34.0,2018_BRP_CCB_S1074_Dep27_20180213_PU0202_FD03186,2018-03-03,acoustic
579,34.0,2018_BRP_CCB_S1074_Dep27_20180213_PU0202_FD03186,2018-03-04,acoustic
580,34.0,2018_BRP_CCB_S1074_Dep27_20180213_PU0202_FD03186,2018-03-05,acoustic
581,34.0,2018_BRP_CCB_S1074_Dep27_20180213_PU0202_FD03186,2018-03-06,acoustic
582,34.0,2018_BRP_CCB_S1074_Dep27_20180213_PU0202_FD03186,2018-03-07,acoustic
583,34.0,2018_BRP_CCB_S1074_Dep27_20180213_PU0202_FD03186,2018-03-08,acoustic
584,34.0,2018_BRP_CCB_S1074_Dep27_20180213_PU0202_FD03186,2018-03-09,acoustic
585,34.0,2018_BRP_CCB_S1074_Dep27_20180213_PU0202_FD03186,2018-03-10,acoustic
586,34.0,2018_BRP_CCB_S1074_Dep27_20180213_PU0202_FD03186,2018-03-11,acoustic
587,34.0,2018_BRP_CCB_S1074_Dep27_20180213_PU0202_FD03186,2018-03-12,acoustic
588,34.0,2018_BRP_CCB_S1074_Dep27_20180213_PU0202_FD03186,2018-03-13,acoustic
589,34.0,2018_BRP_CCB_S1074_Dep27_20180213_PU0202_FD03186,2018-03-14,acoustic
590,34.0,2018_BRP_CCB_S1074_Dep27_20180213_PU0202_FD03186,2018-03-15,acoustic
591,34.0,2018_BRP_CCB_S1074_Dep27_20180213_PU0202_FD03186,2018-03-16,acoustic
592,34.0,2018_BRP_CCB_S1074_Dep27_20180213_PU0202_FD03186,2018-03-17,acoustic
593,34.0,2018_BRP_CCB_S1074_Dep27_20180213_PU0202_FD03186,2018-03-18,acoustic
594,34.0,2018_BRP_CCB_S1074_Dep27_20180213_PU0202_FD03186,2018-03-19,acoustic
595,34.0,2018_BRP_CCB_S1074_Dep27_20180213_PU0202_FD03186,2018-03-20,acoustic
596,34.0,2018_BRP_CCB_S1074_Dep27_20180213_PU0202_FD03186,2018-03-21,acoustic
597,34.0,2018_BRP_CCB_S1074_Dep27_20180213_PU0202_FD03186,2018-03-22,acoustic
598,34.0,2018_BRP_CCB_S1074_Dep27_20180213_PU0202_FD03186,2018-03-23,acoustic
599,34.0,2018_BRP_CCB_S1074_Dep27_20180213_PU0202_FD03186,2018-03-24,acoustic
600,34.0,2018_BRP_CCB_S1074_Dep27_20180213_PU0202_FD03186,2018-03-25,acoustic
601,34.0,2018_BRP_CCB_S1074_Dep27_20180213_PU0202_FD03186,2018-03-26,acoustic
602,34.0,2018_BRP_CCB_S1074_Dep27_20180213_PU0202_FD03186,2018-03-27,acoustic
603,34.0,2018_BRP_CCB_S1074_Dep27_20180213_PU0202_FD03186,2018-03-28,acoustic
604,34.0,2018_BRP_CCB_S1074_Dep27_20180213_PU0202_FD03186,2018-03-29,acoustic
605,34.0,2018_BRP_CCB_S1074_Dep27_20180213_PU0202_FD03186,2018-03-30,acoustic
606,34.0,2018_BRP_CCB_S1074_Dep27_20180213_PU0202_FD03186,2018-03-31,acoustic
607,34.0,2018_BRP_CCB_S1074_Dep27_20180213_PU0202_FD03186,2018-04-01,acoustic
608,34.0,2018_BRP_CCB_S1074_Dep27_20180213_PU0202_FD03186,2018-04-02,acoustic
609,34.0,2018_BRP_CCB_S1074_Dep27_20180213_PU0202_FD03186,2018-04-03,acoustic
610,34.0,2018_BRP_CCB_S1074_Dep27_20180213_PU0202_FD03186,2018-04-04,acoustic
611,34.0,2018_BRP_CCB_S1074_Dep27_20180213_PU0202_FD03186,2018-04-05,acoustic
612,34.0,2018_BRP_CCB_S1074_Dep27_20180213_PU0202_FD03186,2018-04-06,acoustic
613,34.0,2018_BRP_CCB_S1074_Dep27_20180213_PU0202_FD03186,2018-04-07,acoustic
614,34.0,2018_BRP_CCB_S1074_Dep27_20180213_PU0202_FD03186,2018-04-08,acoustic
615,34.0,2018_BRP_CCB_S1074_Dep27_20180213_PU0202_FD03186,2018-04-09,acoustic
616,34.0,2018_BRP_CCB_S1074_Dep27_20180213_PU0202_FD03186,2018-04-10,acoustic
617,34.0,2018_BRP_CCB_S1074_Dep27_20180213_PU0202_FD03186,2018-04-11,acoustic
618,34.0,2018_BRP_CCB_S1074_Dep27_20180213_PU0202_FD03186,2018-04-12,acoustic
619,34.0,2018_BRP_CCB_S1074_Dep27_20180213_PU0202_FD03186,2018-04-13,acoustic
620,34.0,2018_BRP_CCB_S1074_Dep27_20180213_PU0202_FD03186,2018-04-14,acoustic
621,34.0,2018_BRP_CCB_S1074_Dep27_20180213_PU0202_FD03186,2018-04-15,acoustic
622,34.0,2018_BRP_CCB_S1074_Dep27_20180213_PU0202_FD03186,2018-04-16,acoustic
623,34.0,2018_BRP_CCB_S1074_Dep27_20180213_PU0202_FD03186,2018-04-17,acoustic
624,34.0,2018_BRP_CCB_S1074_Dep27_20180213_PU0202_FD03186,2018-04-18,acoustic
625,34.0,2018_BRP_CCB_S1074_Dep27_20180213_PU0202_FD03186,2018-04-19,acoustic
626,34.0,2018_BRP_CCB_S1074_Dep27_20180213_PU0202_FD03186,2018-04-20,acoustic
627,34.0,2018_BRP_CCB_S1074_Dep27_20180213_PU0202_FD03186,2018-04-21,acoustic
628,34.0,2018_BRP_CCB_S1074_Dep27_20180213_PU0202_FD03186,2018-04-22,acoustic
629,34.0,2018_BRP_CCB_S1074_Dep27_20180213_PU0202_FD03186,2018-04-23,acoustic
630,34.0,2018_BRP_CCB_S1074_Dep27_20180213_PU0202_FD03186,2018-04-24,acoustic
631,34.0,2018_BRP_CCB_S1074_Dep27_20180213_PU0202_FD03186,2018-04-25,acoustic
632,34.0,2018_BRP_CCB_S1074_Dep27_20180213_PU0202_FD03186,2018-04-26,acoustic
633,34.0,2018_BRP_CCB_S1074_Dep27_20180213_PU0202_FD03186,2018-04-27,acoustic
634,34.0,2018_BRP_CCB_S1074_Dep27_20180213_PU0202_FD03186,2018-04-28,acoustic
635,34.0,2018_BRP_CCB_S1074_Dep27_20180213_PU0202_FD03186,2018-04-29,acoustic
636,34.0,2018_BRP_CCB_S1074_Dep27_20180213_PU0202_FD03186,2018-04-30,acoustic
637,34.0,2018_BRP_CCB_S1074_Dep27_20180213_PU0202_FD03186,2018-05-01,acoustic
638,34.0,2018_BRP_CCB_S1074_Dep27_20180213_PU0202_FD03186,2018-05-02,acoustic
639,34.0,2018_BRP_CCB_S1074_Dep27_20180213_PU0202_FD03186,2018-05-03,acoustic
640,34.0,2018_BRP_CCB_S1074_Dep27_20180213_PU0202_FD03186,2018-05-04,acoustic
641,34.0,2018_BRP_CCB_S1074_Dep27_20180213_PU0202_FD03186,2018-05-05,acoustic
642,34.0,2018_BRP_CCB_S1074_Dep27_20180213_PU0202_FD03186,2018-05-06,acoustic
643,34.0,2018_BRP_CCB_S1074_Dep27_20180213_PU0202_FD03186,2018-05-07,acoustic
644,34.0,2018_BRP_CCB_S1074_Dep27_20180213_PU0202_FD03186,2018-05-08,acoustic
645,34.0,2018_BRP_CCB_S1074_Dep27_20180213_PU0202_FD03186,2018-05-09,acoustic
646,34.0,2018_BRP_CCB_S1074_Dep27_20180213_PU0202_FD03186,2018-05-10,acoustic
647,34.0,2018_BRP_CCB_S1074_Dep27_20180213_PU0202_FD03186,2018-05-11,acoustic
648,34.0,2018_BRP_CCB_S1074_Dep27_20180213_PU0202_FD03186,2018-05-12,acoustic
649,34.0,2018_BRP_CCB_S1074_Dep27_20180213_PU0202_FD03186,2018-05-13,acoustic
650,34.0,2018_BRP_CCB_S1074_Dep27_20180213_PU0202_FD03186,2018-05-14,acoustic
651,34.0,2018_BRP_CCB_S1074_Dep27_20180213_PU0202_FD03186,2018-05-15,acoustic
652,34.0,2018_BRP_CCB_S1074_Dep27_20180213_PU0202_FD03186,2018-05-16,acoustic
653,34.0,2018_BRP_CCB_S1074_Dep27_20180213_PU0202_FD03186,2018-05-17,acoustic
654,34.0,2018_BRP_CCB_S1074_Dep27_20180213_PU0202_FD03186,2018-05-18,acoustic
655,34.0,2018_BRP_CCB_S1074_Dep27_20180213_PU0202_FD03186,2018-05-19,acoustic
656,34.0,2018_BRP_CCB_S1074_Dep27_20180213_PU0202_FD03186,2018-05-20,acoustic
657,34.0,2018_BRP_CCB_S1074_Dep27_20180213_PU0202_FD03186,2018-05-21,acoustic
658,34.0,2018_BRP_CCB_S1074_Dep27_20180213_PU0202_FD03186,2018-05-22,acoustic
659,34.0,2018_BRP_CCB_S1074_Dep27_20180213_PU0202_FD03186,2018-05-23,acoustic
660,34.0,2018_BRP_CCB_S1074_Dep27_20180213_PU0202_FD03186,2018-05-24,acoustic
661,34.0,2018_BRP_CCB_S1074_Dep27_20180213_PU0202_FD03186,2018-05-25,acoustic
662,34.0,2018_BRP_CCB_S1074_Dep27_20180213_PU0202_FD03186,2018-05-26,acoustic
663,34.0,2018_BRP_CCB_S1074_Dep27_20180213_PU0202_FD03186,2018-05-27,acoustic
664,34.0,2018_BRP_CCB_S1074_Dep27_20180213_PU0202_FD03186,2018-05-28,acoustic
665,34.0,2018_BRP_CCB_S1074_Dep27_20180213_PU0202_FD03186,2018-05-29,acoustic
666,34.0,2018_BRP_CCB_S1074_Dep27_20180213_PU0202_FD03186,2018-05-30,acoustic
0,,,2011-02-17,whale
1,,,2011-02-24,whale
2,,,2011-03-04,whale
3,,,2011-03-08,whale
4,,,2011-03-13,whale
5,,,2011-03-17,whale
6,,,2011-03-20,whale
7,,,2011-03-23,whale
8,,,2011-03-25,whale
9,,,2011-03-30,whale
10,,,2011-04-19,whale
11,,,2011-04-22,whale
12,,,2011-04-24,whale
13,,,2011-04-25,whale
14,,,2011-04-29,whale
15,,,2011-05-03,whale
16,,,2012-01-07,whale
17,,,2012-01-16,whale
18,,,2012-01-23,whale
19,,,2012-01-26,whale
20,,,2012-02-02,whale
21,,,2012-02-05,whale
22,,,2012-02-09,whale
23,,,2012-02-15,whale
24,,,2012-02-27,whale
25,,,2012-02-29,whale
26,,,2012-03-04,whale
27,,,2012-03-17,whale
28,,,2012-03-20,whale
29,,,2012-03-23,whale
30,,,2012-04-01,whale
31,,,2012-04-06,whale
32,,,2012-04-13,whale
33,,,2012-04-17,whale
34,,,2012-04-19,whale
35,,,2012-04-26,whale
36,,,2012-05-03,whale
37,,,2012-05-07,whale
38,,,2013-01-28,whale
39,,,2013-02-05,whale
40,,,2013-02-13,whale
41,,,2013-02-19,whale
42,,,2013-02-23,whale
43,,,2013-03-11,whale
44,,,2013-03-13,whale
45,,,2013-03-18,whale
46,,,2013-03-21,whale
47,,,2013-03-27,whale
48,,,2013-03-30,whale
49,,,2013-04-04,whale
50,,,2013-04-08,whale
51,,,2013-04-10,whale
52,,,2013-04-15,whale
53,,,2013-04-17,whale
54,,,2013-04-21,whale
55,,,2013-04-26,whale
56,,,2013-04-29,whale
57,,,2013-05-01,whale
58,,,2013-05-05,whale
59,,,2014-03-01,whale
60,,,2014-03-04,whale
61,,,2014-03-17,whale
62,,,2014-03-18,whale
63,,,2014-03-23,whale
64,,,2014-03-25,whale
65,,,2014-04-02,whale
66,,,2014-04-04,whale
67,,,2014-04-06,whale
68,,,2014-04-09,whale
69,,,2014-04-12,whale
70,,,2014-04-18,whale
71,,,2014-04-21,whale
72,,,2014-04-25,whale
73,,,2014-05-02,whale
74,,,2014-05-09,whale
75,,,2015-02-18,whale
76,,,2015-02-24,whale
77,,,2015-02-28,whale
78,,,2015-03-03,whale
79,,,2015-03-06,whale
80,,,2015-03-20,whale
81,,,2015-03-25,whale
82,,,2015-03-31,whale
83,,,2015-04-06,whale
84,,,2015-04-12,whale
85,,,2015-04-15,whale
86,,,2015-04-18,whale
87,,,2015-04-19,whale
88,,,2015-04-22,whale
89,,,2015-04-25,whale
90,,,2015-04-27,whale
91,,,2015-04-29,whale
92,,,2015-05-04,whale
93,,,2015-05-06,whale
94,,,2015-05-08,whale
95,,,2015-05-11,whale
96,,,2015-05-15,whale
97,,,2016-02-17,whale
98,,,2016-02-19,whale
99,,,2016-02-21,whale
100,,,2016-02-27,whale
101,,,2016-03-01,whale
102,,,2016-03-06,whale
103,,,2016-03-08,whale
104,,,2016-03-19,whale
105,,,2016-03-27,whale
106,,,2016-03-30,whale
107,,,2016-04-06,whale
108,,,2016-04-09,whale
109,,,2016-04-13,whale
110,,,2016-04-17,whale
111,,,2016-04-18,whale
112,,,2016-04-21,whale
113,,,2016-04-25,whale
114,,,2016-04-27,whale
115,,,2016-04-28,whale
116,,,2016-04-29,whale
117,,,2016-05-06,whale
118,,,2016-05-09,whale
119,,,2017-02-24,whale
120,,,2017-02-28,whale
121,,,2017-03-06,whale
122,,,2017-03-18,whale
123,,,2017-03-21,whale
124,,,2017-03-26,whale
125,,,2017-03-31,whale
126,,,2017-04-03,whale
127,,,2017-04-09,whale
128,,,2017-04-12,whale
129,,,2017-04-14,whale
130,,,2017-04-17,whale
131,,,2017-04-23,whale
132,,,2017-04-28,whale
133,,,2017-04-30,whale
134,,,2017-05-04,whale
135,,,2017-05-09,whale
136,,,2018-02-13,whale
137,,,2018-02-17,whale
138,,,2018-02-24,whale
139,,,2018-02-27,whale
140,,,2018-03-12,whale
141,,,2018-03-20,whale
142,,,2018-03-28,whale
143,,,2018-04-03,whale
144,,,2018-04-07,whale
145,,,2018-04-10,whale
146,,,2018-04-11,whale
147,,,2018-04-13,whale
148,,,2018-04-21,whale
149,,,2018-04-22,whale
150,,,2018-04-27,whale
151,,,2018-04-30,whale
152,,,2018-05-04,whale
153,,,2018-05-06,whale
154,,,2018-05-09,whale
155,,,2018-05-14,whale
0,,,2011-02-17,zooplankton
1,,,2011-02-24,zooplankton
2,,,2011-03-17,zooplankton
3,,,2011-04-19,zooplankton
4,,,2011-04-25,zooplankton
5,,,2011-04-29,zooplankton
6,,,2012-01-26,zooplankton
7,,,2012-02-09,zooplankton
8,,,2012-02-15,zooplankton
9,,,2012-02-27,zooplankton
10,,,2012-02-29,zooplankton
11,,,2012-03-23,zooplankton
12,,,2012-04-01,zooplankton
13,,,2012-04-13,zooplankton
14,,,2012-04-17,zooplankton
15,,,2013-01-28,zooplankton
16,,,2013-03-11,zooplankton
17,,,2013-03-18,zooplankton
18,,,2013-04-08,zooplankton
19,,,2013-04-15,zooplankton
20,,,2013-04-26,zooplankton
21,,,2013-04-29,zooplankton
22,,,2013-05-01,zooplankton
23,,,2013-05-05,zooplankton
24,,,2014-03-04,zooplankton
25,,,2014-03-25,zooplankton
26,,,2014-04-02,zooplankton
27,,,2014-04-04,zooplankton
28,,,2014-04-09,zooplankton
29,,,2014-04-12,zooplankton
30,,,2014-04-18,zooplankton
31,,,2014-04-21,zooplankton
32,,,2014-04-25,zooplankton
33,,,2015-02-18,zooplankton
34,,,2015-03-20,zooplankton
35,,,2015-04-06,zooplankton
36,,,2015-04-15,zooplankton
37,,,2015-04-18,zooplankton
38,,,2015-04-27,zooplankton
39,,,2015-05-06,zooplankton
40,,,2015-05-08,zooplankton
41,,,2016-03-08,zooplankton
42,,,2016-03-30,zooplankton
43,,,2016-04-06,zooplankton
44,,,2016-04-09,zooplankton
45,,,2016-04-18,zooplankton
46,,,2016-04-25,zooplankton
47,,,2016-04-27,zooplankton
48,,,2016-04-29,zooplankton
49,,,2017-02-28,zooplankton
50,,,2017-03-18,zooplankton
51,,,2017-03-31,zooplankton
52,,,2017-04-03,zooplankton
53,,,2017-04-09,zooplankton
54,,,2017-04-12,zooplankton
55,,,2017-04-14,zooplankton
56,,,2017-04-18,zooplankton
57,,,2017-05-04,zooplankton
58,,,2017-05-09,zooplankton
59,,,2018-02-24,zooplankton
60,,,2018-03-12,zooplankton
61,,,2018-03-20,zooplankton
62,,,2018-03-28,zooplankton
63,,,2018-04-11,zooplankton
64,,,2018-04-13,zooplankton
65,,,2018-04-22,zooplankton
66,,,2018-04-27,zooplankton
67,,,2018-04-30,zooplankton
68,,,2018-05-06,zooplankton
