,between_days,count
0,2013-03-18,11
1,2013-04-08,11
2,2013-04-15,11
3,2013-03-11,11
4,2013-04-26,11
5,2013-05-05,11
6,2013-01-28,11
7,2013-04-29,11
8,2013-05-01,11
9,2013-04-17,10
10,2013-02-19,10
11,2013-02-13,10
12,2011-02-17,10
13,2013-02-23,10
14,2013-03-13,10
15,2011-02-24,10
16,2013-03-21,10
17,2011-03-17,10
18,2013-02-05,10
19,2013-04-04,10
20,2013-04-10,10
21,2011-04-29,10
22,2011-04-19,10
23,2011-04-25,10
24,2013-03-27,10
25,2013-04-21,10
26,2013-03-30,10
27,2013-05-02,9
28,2011-05-03,9
29,2013-03-15,9
30,2011-03-08,9
31,2013-02-12,9
32,2013-02-26,9
33,2013-03-16,9
34,2013-03-26,9
35,2013-03-04,9
36,2013-03-12,9
37,2011-03-13,9
38,2013-04-03,9
39,2011-04-22,9
40,2013-03-09,9
41,2013-03-23,9
42,2013-04-01,9
43,2013-04-14,9
44,2013-04-09,9
45,2013-02-21,9
46,2013-01-31,9
47,2013-03-17,9
48,2013-02-27,9
49,2013-03-28,9
50,2013-02-11,9
51,2013-04-20,9
52,2013-04-11,9
53,2013-03-10,9
54,2013-02-02,9
55,2013-02-16,9
56,2013-03-31,9
57,2013-04-19,9
58,2013-01-30,9
59,2013-05-06,9
60,2013-03-06,9
61,2013-02-22,9
62,2013-05-03,9
63,2013-04-30,9
64,2013-03-20,9
65,2013-04-25,9
66,2013-02-10,9
67,2013-03-05,9
68,2013-02-01,9
69,2013-04-06,9
70,2013-03-01,9
71,2011-03-04,9
72,2011-03-20,9
73,2013-03-03,9
74,2013-04-02,9
75,2013-01-29,9
76,2013-04-05,9
77,2013-02-15,9
78,2013-03-24,9
79,2013-03-19,9
80,2013-04-23,9
81,2013-02-17,9
82,2013-03-22,9
83,2013-02-25,9
84,2013-03-25,9
85,2013-05-04,9
86,2013-02-03,9
87,2013-03-07,9
88,2013-03-08,9
89,2013-03-14,9
90,2013-02-09,9
91,2013-02-06,9
92,2011-03-23,9
93,2013-04-16,9
94,2011-04-24,9
95,2011-03-25,9
96,2013-02-14,9
97,2013-04-28,9
98,2013-02-20,9
99,2013-02-08,9
100,2013-04-12,9
101,2013-02-28,9
102,2013-02-18,9
103,2013-04-13,9
104,2013-02-04,9
105,2013-02-24,9
106,2013-02-07,9
107,2013-04-22,9
108,2013-04-24,9
109,2011-03-30,9
110,2013-04-27,9
111,2013-03-02,9
112,2013-03-29,9
113,2013-04-18,9
114,2013-04-07,9
115,2011-02-22,8
116,2011-02-21,8
117,2011-05-02,8
118,2011-03-19,8
119,2011-04-09,8
120,2011-04-10,8
121,2011-03-27,8
122,2011-02-23,8
123,2011-02-25,8
124,2011-03-05,8
125,2011-03-06,8
126,2011-05-01,8
127,2011-05-05,8
128,2011-04-20,8
129,2011-03-16,8
130,2011-04-08,8
131,2011-04-30,8
132,2011-03-28,8
133,2011-04-07,8
134,2011-03-12,8
135,2011-04-04,8
136,2011-04-15,8
137,2011-04-11,8
138,2011-04-26,8
139,2011-04-14,8
140,2011-03-31,8
141,2011-04-03,8
142,2011-05-07,8
143,2011-02-28,8
144,2011-03-09,8
145,2011-03-11,8
146,2011-05-04,8
147,2011-04-05,8
148,2011-03-22,8
149,2011-03-01,8
150,2011-02-26,8
151,2011-04-02,8
152,2011-04-16,8
153,2011-02-18,8
154,2011-04-13,8
155,2011-05-08,8
156,2011-04-27,8
157,2011-05-06,8
158,2011-03-24,8
159,2011-03-14,8
160,2011-04-17,8
161,2011-03-29,8
162,2011-03-15,8
163,2011-04-18,8
164,2011-04-23,8
165,2011-03-18,8
166,2011-03-26,8
167,2011-04-06,8
168,2011-04-12,8
169,2011-03-07,8
170,2011-04-01,8
171,2011-03-21,8
172,2011-04-21,8
173,2011-02-20,8
174,2011-03-10,8
175,2011-02-19,8
176,2011-03-03,8
177,2011-02-27,8
178,2011-03-02,8
179,2011-04-28,8
180,2014-04-02,7
181,2014-04-12,7
182,2014-03-04,7
183,2014-04-25,7
184,2014-04-18,7
185,2014-04-04,7
186,2014-04-21,7
187,2014-03-25,7
188,2014-04-09,7
189,2018-05-06,6
190,2015-04-18,6
191,2016-04-06,6
192,2014-03-01,6
193,2018-04-22,6
194,2017-05-04,6
195,2018-04-30,6
196,2015-05-06,6
197,2018-03-12,6
198,2017-04-09,6
199,2018-03-28,6
200,2018-02-24,6
201,2014-05-02,6
202,2016-03-30,6
203,2015-04-15,6
204,2014-04-06,6
205,2018-04-27,6
206,2015-04-27,6
207,2014-03-17,6
208,2015-02-18,6
209,2017-05-09,6
210,2015-03-20,6
211,2017-03-18,6
212,2014-05-09,6
213,2018-04-13,6
214,2016-04-18,6
215,2017-02-28,6
216,2017-03-31,6
217,2017-04-14,6
218,2015-04-06,6
219,2016-04-25,6
220,2014-03-23,6
221,2014-03-18,6
222,2018-03-20,6
223,2018-04-11,6
224,2015-05-08,6
225,2016-04-27,6
226,2016-03-08,6
227,2017-04-12,6
228,2016-04-09,6
229,2017-04-03,6
230,2016-04-29,6
231,2014-05-04,5
232,2014-03-21,5
233,2014-04-03,5
234,2018-05-09,5
235,2017-04-18,5
236,2016-03-06,5
237,2015-05-04,5
238,2014-04-19,5
239,2014-04-14,5
240,2014-04-16,5
241,2016-02-19,5
242,2018-04-07,5
243,2015-03-31,5
244,2015-05-11,5
245,2018-04-03,5
246,2014-03-07,5
247,2016-02-27,5
248,2014-04-07,5
249,2014-04-29,5
250,2014-03-10,5
251,2017-02-24,5
252,2015-04-25,5
253,2016-03-01,5
254,2014-04-30,5
255,2014-04-01,5
256,2018-05-04,5
257,2014-05-06,5
258,2014-03-08,5
259,2015-04-29,5
260,2014-03-19,5
261,2014-05-05,5
262,2015-03-06,5
263,2014-04-11,5
264,2014-03-30,5
265,2017-04-30,5
266,2016-05-06,5
267,2018-02-17,5
268,2018-05-14,5
269,2015-03-03,5
270,2015-03-25,5
271,2014-04-24,5
272,2014-04-10,5
273,2014-05-16,5
274,2015-04-19,5
275,2014-05-15,5
276,2014-03-11,5
277,2014-03-29,5
278,2014-03-31,5
279,2016-02-17,5
280,2014-03-20,5
281,2015-02-24,5
282,2014-03-28,5
283,2017-03-06,5
284,2016-04-28,5
285,2014-04-13,5
286,2014-03-09,5
287,2014-03-06,5
288,2016-04-17,5
289,2014-05-17,5
290,2014-04-23,5
291,2014-05-11,5
292,2016-03-19,5
293,2014-04-22,5
294,2014-05-10,5
295,2014-05-03,5
296,2014-05-14,5
297,2017-04-23,5
298,2014-03-16,5
299,2015-04-22,5
300,2014-03-15,5
301,2014-03-05,5
302,2016-04-13,5
303,2014-04-20,5
304,2014-03-24,5
305,2014-05-08,5
306,2014-04-15,5
307,2018-04-10,5
308,2014-03-03,5
309,2017-04-17,5
310,2014-05-01,5
311,2018-02-13,5
312,2018-04-21,5
313,2014-03-13,5
314,2016-03-27,5
315,2014-04-17,5
316,2014-03-14,5
317,2016-02-21,5
318,2014-03-02,5
319,2017-04-28,5
320,2014-05-12,5
321,2014-05-07,5
322,2014-03-22,5
323,2016-05-09,5
324,2014-04-08,5
325,2016-04-21,5
326,2017-03-21,5
327,2014-03-27,5
328,2014-04-27,5
329,2018-02-27,5
330,2015-05-15,5
331,2014-04-26,5
332,2014-04-28,5
333,2017-03-26,5
334,2014-03-12,5
335,2014-03-26,5
336,2015-02-28,5
337,2014-04-05,5
338,2014-05-13,5
339,2015-04-12,5
340,2017-05-02,4
341,2018-04-09,4
342,2017-05-16,4
343,2018-04-29,4
344,2015-04-01,4
345,2016-02-22,4
346,2016-05-04,4
347,2016-04-20,4
348,2015-05-13,4
349,2018-05-25,4
350,2018-03-29,4
351,2017-04-19,4
352,2018-04-20,4
353,2016-04-30,4
354,2016-03-04,4
355,2018-05-16,4
356,2018-03-11,4
357,2017-03-30,4
358,2014-05-18,4
359,2018-03-18,4
360,2016-05-18,4
361,2016-02-26,4
362,2018-05-08,4
363,2018-02-20,4
364,2015-04-05,4
365,2018-05-19,4
366,2018-05-10,4
367,2016-04-26,4
368,2017-03-19,4
369,2018-05-30,4
370,2015-05-12,4
371,2015-03-21,4
372,2018-03-07,4
373,2016-03-15,4
374,2016-04-15,4
375,2015-05-07,4
376,2015-02-23,4
377,2018-04-28,4
378,2018-04-02,4
379,2018-03-22,4
380,2017-04-10,4
381,2017-03-08,4
382,2015-05-21,4
383,2015-03-10,4
384,2018-02-22,4
385,2016-03-13,4
386,2015-04-07,4
387,2018-03-27,4
388,2016-02-16,4
389,2018-03-09,4
390,2017-03-01,4
391,2018-05-28,4
392,2015-03-23,4
393,2015-05-02,4
394,2017-04-25,4
395,2018-05-21,4
396,2016-03-28,4
397,2016-03-02,4
398,2015-03-08,4
399,2017-04-05,4
400,2015-04-14,4
401,2015-03-30,4
402,2016-05-24,4
403,2017-05-08,4
404,2018-03-16,4
405,2015-04-10,4
406,2016-05-01,4
407,2016-03-17,4
408,2017-04-27,4
409,2017-04-01,4
410,2016-02-20,4
411,2015-03-19,4
412,2018-03-05,4
413,2018-05-27,4
414,2015-03-12,4
415,2016-03-26,4
416,2016-05-25,4
417,2016-05-08,4
418,2017-03-03,4
419,2017-03-23,4
420,2016-04-04,4
421,2018-03-31,4
422,2015-04-17,4
423,2017-02-27,4
424,2017-03-14,4
425,2016-04-19,4
426,2016-04-10,4
427,2018-04-18,4
428,2017-02-25,4
429,2018-02-15,4
430,2015-02-27,4
431,2018-02-26,4
432,2015-03-01,4
433,2015-05-17,4
434,2017-05-14,4
435,2018-05-03,4
436,2017-05-15,4
437,2017-03-12,4
438,2017-03-25,4
439,2017-03-10,4
440,2016-03-24,4
441,2018-05-05,4
442,2015-02-25,4
443,2016-04-08,4
444,2017-05-05,4
445,2016-02-24,4
446,2015-03-17,4
447,2017-04-07,4
448,2017-04-08,4
449,2018-02-14,4
450,2017-03-13,4
451,2018-05-26,4
452,2015-02-17,4
453,2015-04-02,4
454,2017-03-02,4
455,2017-05-11,4
456,2016-03-29,4
457,2015-04-26,4
458,2018-04-12,4
459,2016-03-18,4
460,2018-04-01,4
461,2017-04-02,4
462,2016-03-07,4
463,2015-04-04,4
464,2018-03-21,4
465,2016-02-25,4
466,2018-04-24,4
467,2016-05-14,4
468,2015-03-24,4
469,2018-03-10,4
470,2017-04-06,4
471,2016-04-11,4
472,2016-05-03,4
473,2017-03-24,4
474,2018-02-25,4
475,2015-03-09,4
476,2016-03-16,4
477,2018-05-12,4
478,2018-05-13,4
479,2016-02-18,4
480,2015-02-26,4
481,2016-05-19,4
482,2018-05-02,4
483,2017-03-11,4
484,2016-04-07,4
485,2016-02-15,4
486,2018-05-23,4
487,2016-05-22,4
488,2018-03-30,4
489,2015-03-11,4
490,2016-05-16,4
491,2016-03-05,4
492,2015-04-16,4
493,2018-03-19,4
494,2016-05-20,4
495,2016-02-23,4
496,2016-05-13,4
497,2015-03-22,4
498,2015-05-09,4
499,2018-03-08,4
500,2017-04-04,4
501,2015-03-13,4
502,2018-05-01,4
503,2017-04-16,4
504,2016-03-11,4
505,2018-02-18,4
506,2017-03-17,4
507,2015-02-21,4
508,2015-04-03,4
509,2018-04-16,4
510,2016-04-02,4
511,2016-05-11,4
512,2017-02-23,4
513,2018-05-07,4
514,2016-03-22,4
515,2018-04-05,4
516,2015-04-08,4
517,2018-05-17,4
518,2018-03-25,4
519,2017-04-21,4
520,2016-02-29,4
521,2018-05-11,4
522,2016-05-15,4
523,2015-03-28,4
524,2017-04-15,4
525,2018-03-14,4
526,2015-05-05,4
527,2014-05-20,4
528,2017-04-22,4
529,2015-03-04,4
530,2017-03-28,4
531,2018-03-01,4
532,2015-03-15,4
533,2016-04-22,4
534,2015-03-02,4
535,2018-02-16,4
536,2015-05-20,4
537,2017-03-15,4
538,2015-02-19,4
539,2018-04-25,4
540,2017-03-04,4
541,2016-03-31,4
542,2015-05-14,4
543,2017-02-21,4
544,2016-03-20,4
545,2018-05-22,4
546,2018-05-15,4
547,2015-05-19,4
548,2016-03-09,4
549,2018-03-23,4
550,2015-04-28,4
551,2018-04-23,4
552,2015-03-26,4
553,2015-04-24,4
554,2016-05-02,4
555,2015-04-20,4
556,2018-02-23,4
557,2018-05-18,4
558,2015-04-09,4
559,2015-02-22,4
560,2015-03-27,4
561,2018-03-13,4
562,2015-05-16,4
563,2016-05-23,4
564,2015-03-16,4
565,2018-03-02,4
566,2015-04-30,4
567,2018-05-20,4
568,2017-03-29,4
569,2015-03-05,4
570,2018-02-19,4
571,2016-04-24,4
572,2017-05-03,4
573,2017-03-07,4
574,2016-04-03,4
575,2016-05-07,4
576,2016-03-23,4
577,2018-04-14,4
578,2018-05-24,4
579,2016-03-12,4
580,2016-05-05,4
581,2018-03-26,4
582,2015-03-29,4
583,2016-05-12,4
584,2016-05-17,4
585,2017-04-11,4
586,2016-02-28,4
587,2017-04-20,4
588,2015-03-14,4
589,2018-02-28,4
590,2017-03-27,4
591,2016-04-23,4
592,2017-03-16,4
593,2016-04-12,4
594,2015-02-20,4
595,2015-05-10,4
596,2018-04-26,4
597,2017-03-05,4
598,2016-04-01,4
599,2015-04-13,4
600,2018-04-15,4
601,2017-02-22,4
602,2017-05-12,4
603,2016-03-21,4
604,2018-04-04,4
605,2017-04-26,4
606,2017-05-13,4
607,2017-05-01,4
608,2016-03-10,4
609,2016-04-14,4
610,2018-03-24,4
611,2015-05-18,4
612,2018-04-06,4
613,2017-02-26,4
614,2017-03-22,4
615,2017-04-29,4
616,2014-05-21,4
617,2015-05-03,4
618,2018-04-19,4
619,2015-03-18,4
620,2016-03-25,4
621,2017-05-10,4
622,2018-04-08,4
623,2014-05-19,4
624,2015-05-01,4
625,2016-03-14,4
626,2017-03-09,4
627,2015-04-11,4
628,2017-04-24,4
629,2016-03-03,4
630,2016-05-21,4
631,2015-04-21,4
632,2018-03-17,4
633,2017-04-13,4
634,2016-05-10,4
635,2015-04-23,4
636,2018-03-06,4
637,2016-04-05,4
638,2018-03-03,4
639,2018-05-29,4
640,2018-03-04,4
641,2015-03-07,4
642,2018-04-17,4
643,2017-05-06,4
644,2018-03-15,4
645,2017-05-07,4
646,2018-02-21,4
647,2017-03-20,4
648,2016-04-16,4
649,2012-03-23,2
650,2012-02-27,2
651,2012-02-15,2
652,2012-04-01,2
653,2012-04-13,2
654,2012-01-26,2
655,2012-02-29,2
656,2012-04-17,2
657,2012-02-09,2
658,2014-02-20,1
659,2014-02-12,1
660,2014-02-07,1
661,2012-04-06,1
662,2014-02-15,1
663,2012-01-23,1
664,2012-05-07,1
665,2012-02-02,1
666,2014-02-16,1
667,2014-02-26,1
668,2014-02-18,1
669,2014-02-10,1
670,2014-02-22,1
671,2012-03-20,1
672,2014-02-25,1
673,2014-02-28,1
674,2014-02-19,1
675,2012-04-19,1
676,2012-03-04,1
677,2014-02-24,1
678,2014-02-17,1
679,2014-02-13,1
680,2014-02-21,1
681,2014-02-08,1
682,2012-02-05,1
683,2014-02-27,1
684,2012-01-07,1
685,2012-01-16,1
686,2014-02-14,1
687,2012-04-26,1
688,2012-03-17,1
689,2014-02-09,1
690,2012-05-03,1
691,2014-02-23,1
692,2014-02-11,1
